19-Oct-2020 13:00:00,23.8,918.8,37.2,0.0,11.3,157.5,59.1,0.117,14.30,1.68
19-Oct-2020 13:10:00,24.5,918.7,35.4,0.0,11.3,135.0,60.1,0.139,14.30,1.98
19-Oct-2020 13:20:00,24.1,918.8,36.9,0.0,7.7,135.0,59.1,0.129,13.60,1.75
19-Oct-2020 13:30:00,24.1,918.7,42.8,0.0,10.1,225.0,59.1,0.144,13.64,1.96
19-Oct-2020 13:40:00,23.6,918.6,36.7,0.0,6.7,90.0,58.0,0.122,13.70,1.68
19-Oct-2020 13:50:00,21.1,918.7,37.5,0.0,6.8,135.0,58.0,0.139,13.77,1.91
19-Oct-2020 14:00:00,27.4,918.6,26.2,0.0,9.2,90.0,60.1,0.125,13.75,1.72
19-Oct-2020 14:10:00,23.3,918.6,42.4,0.0,6.6,180.0,58.0,0.142,13.78,1.96
19-Oct-2020 14:20:00,19.4,918.6,49.7,0.0,5.4,135.0,54.2,0.135,13.80,1.87
19-Oct-2020 14:30:00,24.0,918.3,35.6,0.0,3.7,112.5,58.0,0.140,13.83,1.93
19-Oct-2020 14:40:00,23.6,918.2,36.3,0.0,12.0,135.0,59.6,0.122,13.84,1.69
19-Oct-2020 14:50:00,24.9,918.1,30.4,0.0,5.6,135.0,60.1,0.144,13.76,1.98
19-Oct-2020 15:00:00,23.5,918.0,38.0,0.0,21.6,90.0,60.1,0.119,13.75,1.64
19-Oct-2020 15:10:00,26.0,918.0,34.0,0.0,12.0,135.0,60.1,0.117,13.74,1.61
19-Oct-2020 15:20:00,25.3,918.0,35.3,0.0,9.8,135.0,60.1,0.122,13.74,1.69
19-Oct-2020 15:30:00,22.3,917.9,39.6,0.0,3.9,180.0,58.5,0.121,13.63,1.65
19-Oct-2020 15:40:00,24.5,917.9,38.2,0.0,3.9,135.0,58.0,0.124,13.67,1.69
19-Oct-2020 15:50:00,22.4,918.0,40.1,0.0,5.3,180.0,54.2,0.138,13.85,1.89
19-Oct-2020 16:00:00,24.4,918.0,34.9,0.0,8.3,90.0,58.5,0.119,13.83,1.64
19-Oct-2020 16:10:00,25.8,917.9,33.4,0.0,6.4,180.0,59.1,0.141,13.77,1.95
19-Oct-2020 16:20:00,24.6,918.0,32.8,0.0,3.9,135.0,59.1,0.138,13.77,1.89
19-Oct-2020 16:30:00,22.6,918.1,35.0,0.0,11.4,90.0,59.6,0.122,13.80,1.69
19-Oct-2020 16:40:00,22.4,917.9,41.8,0.0,15.5,135.0,58.5,0.141,13.79,1.95
19-Oct-2020 16:50:00,22.2,918.0,39.5,0.0,7.7,45.0,58.0,0.126,13.82,1.75
19-Oct-2020 17:00:00,22.5,918.0,37.3,0.0,9.0,90.0,58.0,0.121,13.85,1.68
19-Oct-2020 17:10:00,22.5,918.0,37.4,0.0,4.2,135.0,56.9,0.142,13.86,1.97
19-Oct-2020 17:20:00,23.1,917.9,35.5,0.0,2.3,135.0,58.0,0.122,13.82,1.69
19-Oct-2020 17:30:00,22.0,917.9,34.1,0.0,6.2,90.0,57.5,0.122,13.67,1.68
19-Oct-2020 17:40:00,21.9,918.1,35.6,0.0,5.0,0.0,56.4,0.144,13.54,1.95
19-Oct-2020 17:50:00,21.6,918.1,36.8,0.0,4.5,180.0,55.8,0.144,13.45,1.93
19-Oct-2020 18:00:00,22.3,918.3,35.8,0.0,2.4,315.0,56.4,0.146,13.40,1.96
19-Oct-2020 18:10:00,22.0,918.3,35.1,0.0,0.9,180.0,56.4,0.129,13.37,1.72
19-Oct-2020 18:20:00,22.1,918.5,36.2,0.0,0.3,225.0,54.8,0.158,13.30,2.10
19-Oct-2020 18:30:00,17.1,918.5,46.9,0.0,3.8,180.0,49.4,0.128,13.25,1.69
19-Oct-2020 18:40:00,15.5,918.6,48.8,0.0,0.9,225.0,45.1,0.146,13.20,1.93
19-Oct-2020 18:50:00,14.5,918.7,48.6,0.0,3.1,270.0,44.0,0.128,13.17,1.68
19-Oct-2020 19:00:00,13.9,918.8,51.2,0.0,2.3,315.0,42.9,0.145,13.13,1.91
19-Oct-2020 19:10:00,13.4,918.9,51.5,0.0,3.2,315.0,41.9,0.128,13.11,1.68
19-Oct-2020 19:20:00,12.9,918.9,52.8,0.0,2.2,0.0,41.3,0.129,13.09,1.69
19-Oct-2020 19:30:00,12.6,919.0,57.1,0.0,4.9,0.0,39.7,0.130,13.07,1.70
19-Oct-2020 19:40:00,12.4,919.1,56.7,0.0,4.6,0.0,39.7,0.146,13.06,1.91
19-Oct-2020 19:50:00,12.0,919.2,61.5,0.0,3.2,45.0,39.7,0.126,13.06,1.65
19-Oct-2020 20:00:00,12.0,919.3,63.8,0.0,3.5,0.0,39.7,0.126,13.05,1.65
19-Oct-2020 20:10:00,11.8,919.4,66.8,0.0,3.6,0.0,39.7,0.330,12.95,4.28
19-Oct-2020 20:20:00,11.3,919.5,81.2,0.0,9.8,315.0,39.7,0.330,12.94,4.28
19-Oct-2020 20:30:00,11.4,919.7,88.5,0.0,7.5,337.5,39.7,0.349,12.93,4.51
19-Oct-2020 20:40:00,11.4,919.8,90.8,0.0,4.6,315.0,39.7,0.330,12.92,4.26
19-Oct-2020 20:50:00,11.1,919.9,93.1,0.0,13.0,0.0,39.2,0.330,12.92,4.26
19-Oct-2020 21:00:00,10.9,920.0,94.2,0.0,6.2,315.0,39.7,0.331,12.91,4.28
19-Oct-2020 21:10:00,11.0,920.0,94.4,0.0,12.8,315.0,39.7,0.345,12.89,4.45
19-Oct-2020 21:20:00,10.7,920.1,96.0,0.0,8.6,315.0,39.7,0.331,12.90,4.28
19-Oct-2020 21:30:00,10.6,920.2,96.6,0.0,6.5,292.5,39.2,0.329,12.89,4.24
19-Oct-2020 21:40:00,10.5,920.3,97.0,0.0,12.8,315.0,39.2,0.354,12.88,4.56
19-Oct-2020 21:50:00,10.2,920.3,98.0,0.0,6.9,315.0,39.2,0.331,12.88,4.26
19-Oct-2020 22:00:00,10.3,920.4,98.6,0.0,7.9,315.0,39.2,0.330,12.87,4.25
19-Oct-2020 22:10:00,10.0,920.4,99.1,0.0,9.8,315.0,39.2,0.333,12.87,4.28
19-Oct-2020 22:20:00,10.0,920.4,99.3,0.0,6.8,315.0,39.2,0.333,12.86,4.28
19-Oct-2020 22:30:00,9.7,920.4,100.0,0.0,4.2,337.5,38.6,0.333,12.85,4.28
19-Oct-2020 22:40:00,9.5,920.4,100.0,0.0,11.7,315.0,38.6,0.331,12.85,4.26
19-Oct-2020 22:50:00,9.7,920.4,100.0,0.0,12.4,315.0,38.6,0.355,12.83,4.56
19-Oct-2020 23:00:00,9.5,920.5,100.0,0.0,5.7,315.0,38.6,0.333,12.83,4.26
19-Oct-2020 23:10:00,9.5,920.4,100.0,0.0,5.7,315.0,38.6,0.333,12.83,4.26
19-Oct-2020 23:20:00,9.2,920.4,100.0,0.0,7.0,315.0,38.6,0.331,12.82,4.25
19-Oct-2020 23:30:00,9.3,920.6,100.0,0.0,10.0,315.0,38.6,0.333,12.81,4.26
19-Oct-2020 23:40:00,9.4,920.5,100.0,0.0,10.5,315.0,38.6,0.333,12.80,4.26
19-Oct-2020 23:50:00,9.3,920.5,100.0,0.0,6.5,315.0,38.6,0.335,12.80,4.29
20-Oct-2020 00:00:00,9.4,920.6,100.0,0.0,3.6,292.5,39.2,0.334,12.79,4.26
20-Oct-2020 00:10:00,9.2,920.5,100.0,0.0,9.9,315.0,38.1,0.334,12.78,4.26
20-Oct-2020 00:20:00,9.2,920.4,100.0,0.0,12.0,315.0,38.1,0.335,12.77,4.28
20-Oct-2020 00:30:00,9.2,920.5,100.0,0.0,10.8,292.5,38.1,0.333,12.77,4.25
20-Oct-2020 00:40:00,9.2,920.5,100.0,0.0,7.3,270.0,38.6,0.349,12.75,4.44
20-Oct-2020 00:50:00,9.0,920.3,100.0,0.0,12.2,270.0,38.6,0.302,12.76,3.88
20-Oct-2020 01:00:00,8.9,920.4,100.0,0.0,9.9,315.0,38.1,0.181,12.81,2.32
20-Oct-2020 01:10:00,8.9,920.2,100.0,0.0,9.0,315.0,37.6,0.179,12.80,2.29
20-Oct-2020 01:20:00,9.0,920.1,100.0,0.0,11.5,315.0,37.6,0.180,12.80,2.30
20-Oct-2020 01:30:00,8.9,920.1,100.0,0.0,8.1,270.0,37.6,0.179,12.79,2.29
20-Oct-2020 01:40:00,8.9,920.0,100.0,0.0,6.5,315.0,37.6,0.181,12.79,2.32
20-Oct-2020 01:50:00,8.7,920.0,100.0,0.0,10.2,315.0,37.6,0.246,12.76,3.15
20-Oct-2020 02:00:00,8.6,920.0,100.0,0.0,8.6,315.0,37.6,0.182,12.78,2.33
20-Oct-2020 02:10:00,8.7,919.9,100.0,0.0,9.3,315.0,37.6,0.181,12.77,2.32
20-Oct-2020 02:20:00,8.6,919.9,100.0,0.0,5.4,270.0,37.6,0.181,12.77,2.32
20-Oct-2020 02:30:00,8.4,919.8,100.0,0.0,6.5,315.0,37.0,0.203,12.76,2.59
20-Oct-2020 02:40:00,8.5,919.7,100.0,0.0,8.0,315.0,37.6,0.182,12.76,2.33
20-Oct-2020 02:50:00,8.5,919.7,100.0,0.0,6.5,270.0,37.6,0.182,12.76,2.33
20-Oct-2020 03:00:00,8.6,919.6,100.0,0.0,2.5,270.0,37.6,0.182,12.75,2.33
20-Oct-2020 03:10:00,8.6,919.5,100.0,0.0,5.8,315.0,37.6,0.181,12.75,2.32
20-Oct-2020 03:20:00,8.6,919.6,100.0,0.0,6.3,315.0,37.6,0.181,12.75,2.32
20-Oct-2020 03:30:00,8.7,919.5,100.0,0.0,8.0,315.0,36.5,0.181,12.75,2.30
20-Oct-2020 03:40:00,8.7,919.5,100.0,0.0,5.4,337.5,37.6,0.212,12.73,2.70
20-Oct-2020 03:50:00,8.7,919.5,100.0,0.0,6.3,315.0,37.0,0.181,12.74,2.30
20-Oct-2020 04:00:00,8.4,919.7,100.0,0.0,6.7,315.0,37.0,0.181,12.74,2.30
20-Oct-2020 04:10:00,8.5,919.7,100.0,0.0,7.0,292.5,37.6,0.320,12.68,4.06
20-Oct-2020 04:20:00,8.3,919.7,100.0,0.0,6.3,315.0,37.0,0.182,12.74,2.33
20-Oct-2020 04:30:00,8.5,919.7,100.0,0.0,8.6,315.0,37.0,0.180,12.74,2.29
20-Oct-2020 04:40:00,8.4,919.7,100.0,0.0,4.7,315.0,37.0,0.184,12.74,2.34
20-Oct-2020 04:50:00,8.5,919.7,100.0,0.0,4.3,292.5,37.0,0.184,12.74,2.34
20-Oct-2020 05:00:00,8.3,919.8,100.0,0.0,7.6,270.0,37.6,0.181,12.74,2.30
20-Oct-2020 05:10:00,8.2,919.8,100.0,0.0,9.3,270.0,37.6,0.182,12.74,2.33
20-Oct-2020 05:20:00,8.3,919.8,100.0,0.0,6.7,315.0,37.6,0.182,12.73,2.33
20-Oct-2020 05:30:00,8.2,919.8,100.0,0.0,4.9,270.0,37.0,0.184,12.73,2.34
20-Oct-2020 05:40:00,8.1,919.9,100.0,0.0,8.4,315.0,37.0,0.193,12.73,2.44
20-Oct-2020 05:50:00,8.0,919.9,100.0,0.0,6.3,315.0,36.5,0.182,12.73,2.33
20-Oct-2020 06:00:00,7.9,919.9,100.0,0.0,8.9,315.0,36.5,0.212,12.71,2.70
20-Oct-2020 06:10:00,7.9,920.0,100.0,0.0,9.4,315.0,37.0,0.180,12.73,2.29
20-Oct-2020 06:20:00,8.1,920.2,100.0,0.0,7.6,315.0,36.5,0.201,12.73,2.56
20-Oct-2020 06:30:00,8.8,920.2,98.9,0.0,9.2,315.0,37.0,0.181,12.78,2.32
20-Oct-2020 06:40:00,9.9,920.2,94.3,0.0,7.8,315.0,39.2,0.234,12.79,2.98
20-Oct-2020 06:50:00,10.8,920.3,91.2,0.0,10.0,315.0,39.2,0.181,12.96,2.36
20-Oct-2020 07:00:00,11.4,920.2,89.0,0.0,11.1,292.5,39.7,0.176,13.13,2.32
20-Oct-2020 07:10:00,12.0,920.4,85.9,0.0,10.0,270.0,40.8,0.176,13.32,2.34
20-Oct-2020 07:20:00,12.6,920.4,85.5,0.0,14.2,270.0,41.9,0.172,13.53,2.33
20-Oct-2020 07:30:00,13.3,920.6,84.8,0.0,8.0,270.0,42.4,0.170,13.66,2.32
20-Oct-2020 07:40:00,13.7,920.7,76.9,0.0,10.9,270.0,44.0,0.166,14.10,2.34
20-Oct-2020 07:50:00,14.6,920.6,77.6,0.0,10.3,270.0,45.1,0.163,14.38,2.34
20-Oct-2020 08:00:00,15.1,920.8,74.7,0.0,7.8,315.0,45.6,0.164,14.36,2.36
20-Oct-2020 08:10:00,15.7,920.8,75.1,0.0,13.5,270.0,47.8,0.125,14.35,1.79
20-Oct-2020 08:20:00,17.4,920.9,68.5,0.0,7.0,270.0,49.4,0.114,14.35,1.64
20-Oct-2020 08:30:00,17.6,921.0,63.6,0.0,6.1,225.0,49.4,0.115,14.31,1.65
20-Oct-2020 08:40:00,18.7,921.0,56.8,0.0,3.4,270.0,51.5,0.117,13.84,1.63
20-Oct-2020 08:50:00,19.1,921.0,63.9,0.0,13.2,225.0,52.6,0.120,13.82,1.66
20-Oct-2020 09:00:00,19.7,921.0,56.6,0.0,10.3,225.0,53.7,0.129,13.82,1.78
20-Oct-2020 09:10:00,20.2,921.0,57.8,0.0,15.8,225.0,54.8,0.116,13.80,1.60
20-Oct-2020 09:20:00,19.8,921.1,57.6,0.0,6.2,225.0,54.8,0.124,13.80,1.72
20-Oct-2020 09:30:00,21.6,921.0,53.1,0.0,6.9,225.0,56.4,0.122,13.83,1.69
20-Oct-2020 09:40:00,22.9,921.0,49.3,0.0,10.3,247.5,56.9,0.116,13.78,1.60
20-Oct-2020 09:50:00,23.9,921.1,47.9,0.0,9.6,225.0,58.5,0.125,13.82,1.73
20-Oct-2020 10:00:00,22.5,921.2,47.0,0.0,5.7,135.0,59.1,0.124,13.78,1.70
20-Oct-2020 10:10:00,22.5,921.2,49.0,0.0,9.8,180.0,59.1,0.115,13.76,1.59
20-Oct-2020 10:20:00,24.4,921.1,48.4,0.0,12.2,225.0,60.1,0.125,13.74,1.72
20-Oct-2020 10:30:00,23.5,921.1,47.1,0.0,4.5,135.0,60.1,0.144,13.72,1.97
20-Oct-2020 10:40:00,27.3,921.0,45.3,0.0,11.5,225.0,60.1,0.124,13.73,1.70
20-Oct-2020 10:50:00,22.5,921.1,44.5,0.0,7.2,135.0,59.6,0.130,13.92,1.80
20-Oct-2020 11:00:00,24.1,921.0,45.4,0.0,16.4,157.5,59.1,0.135,13.76,1.86
20-Oct-2020 11:10:00,25.0,921.0,46.0,0.0,6.9,135.0,59.6,0.125,13.75,1.72
20-Oct-2020 11:20:00,22.1,920.9,43.8,0.0,11.3,90.0,59.1,0.124,13.75,1.70
20-Oct-2020 11:30:00,24.7,920.8,38.5,0.0,6.6,45.0,59.1,0.124,13.79,1.70
20-Oct-2020 11:40:00,24.2,920.7,36.4,0.0,13.6,135.0,59.6,0.125,13.74,1.73
20-Oct-2020 11:50:00,24.8,920.6,33.4,0.0,12.8,135.0,59.6,0.124,13.78,1.70
20-Oct-2020 12:00:00,25.1,920.5,34.2,0.0,10.7,135.0,60.1,0.124,13.66,1.69
20-Oct-2020 12:10:00,26.0,920.4,35.8,0.0,14.6,135.0,59.1,0.128,13.76,1.75
20-Oct-2020 12:20:00,24.7,920.4,33.8,0.0,15.6,135.0,60.1,0.141,13.72,1.93
20-Oct-2020 12:30:00,23.4,920.3,35.6,0.0,9.8,90.0,60.1,0.414,13.66,5.68
20-Oct-2020 12:40:00,25.6,920.3,34.4,0.0,10.4,157.5,59.1,0.121,13.76,1.66
20-Oct-2020 12:50:00,27.6,920.1,33.7,0.0,10.0,180.0,59.6,0.126,13.74,1.74
20-Oct-2020 13:00:00,27.2,920.1,34.0,0.0,12.1,135.0,60.1,0.124,13.76,1.70
20-Oct-2020 13:10:00,25.3,920.0,35.0,0.0,5.8,180.0,59.1,0.124,13.73,1.70
20-Oct-2020 13:20:00,25.6,919.9,33.6,0.0,8.7,202.5,59.1,0.142,13.76,1.96
20-Oct-2020 13:30:00,20.7,919.8,41.3,0.0,9.5,135.0,58.0,0.144,13.74,1.97
20-Oct-2020 13:40:00,21.0,919.8,37.0,0.0,13.0,90.0,54.8,0.121,13.78,1.68
20-Oct-2020 13:50:00,23.4,919.6,42.4,0.0,11.3,180.0,54.8,0.142,13.79,1.97
20-Oct-2020 14:00:00,24.4,919.5,38.5,0.0,10.9,135.0,59.1,0.124,13.78,1.70
20-Oct-2020 14:10:00,25.2,919.5,36.7,0.0,10.7,135.0,59.6,0.128,13.72,1.75
20-Oct-2020 14:20:00,20.1,919.4,46.0,0.0,5.6,135.0,55.8,0.135,13.79,1.86
20-Oct-2020 14:30:00,21.9,919.3,42.7,0.0,5.4,180.0,55.3,0.124,13.85,1.72
20-Oct-2020 14:40:00,31.8,919.3,23.0,0.0,1.9,225.0,60.1,0.125,13.79,1.73
20-Oct-2020 14:50:00,23.1,919.2,34.1,0.0,8.2,90.0,58.5,0.121,13.77,1.66
20-Oct-2020 15:00:00,22.1,919.1,36.9,0.0,6.9,135.0,55.8,0.121,13.85,1.68
20-Oct-2020 15:10:00,20.7,919.1,42.5,0.0,9.1,135.0,53.7,0.124,13.84,1.72
20-Oct-2020 15:20:00,24.2,919.0,34.8,0.0,2.5,225.0,55.8,0.124,13.86,1.72
20-Oct-2020 15:30:00,24.6,918.9,31.3,0.0,8.9,135.0,60.1,0.125,13.80,1.73
20-Oct-2020 15:40:00,21.2,918.8,40.7,0.0,3.5,180.0,56.9,0.121,13.82,1.68
20-Oct-2020 15:50:00,27.6,918.7,27.1,0.0,13.1,90.0,58.5,0.122,13.82,1.69
20-Oct-2020 16:00:00,23.0,918.7,37.7,0.0,6.6,135.0,55.8,0.125,13.76,1.72
20-Oct-2020 16:10:00,23.2,918.6,36.1,0.0,4.7,112.5,58.0,0.142,13.79,1.97
20-Oct-2020 16:20:00,24.2,918.5,34.9,0.0,6.9,45.0,58.5,0.122,13.85,1.70
20-Oct-2020 16:30:00,22.5,918.5,36.6,0.0,3.2,90.0,55.8,0.141,13.88,1.96
20-Oct-2020 16:40:00,22.4,918.4,36.0,0.0,6.4,45.0,56.4,0.121,13.85,1.68
20-Oct-2020 16:50:00,23.9,918.5,36.5,0.0,6.5,135.0,56.4,0.124,13.83,1.72
20-Oct-2020 17:00:00,24.3,918.3,35.4,0.0,10.2,157.5,59.1,0.125,13.86,1.73
20-Oct-2020 17:10:00,22.9,918.3,35.5,0.0,4.6,112.5,59.1,0.121,13.84,1.68
20-Oct-2020 17:20:00,22.9,918.4,36.5,0.0,8.1,90.0,57.5,0.122,13.88,1.70
20-Oct-2020 17:30:00,24.1,918.4,35.9,0.0,8.9,90.0,58.0,0.122,13.87,1.70
20-Oct-2020 17:40:00,23.0,918.4,35.6,0.0,3.6,135.0,58.5,0.140,13.73,1.92
20-Oct-2020 17:50:00,22.9,918.3,36.4,0.0,3.9,180.0,56.9,0.125,13.63,1.70
20-Oct-2020 18:00:00,23.2,918.4,33.7,0.0,7.4,45.0,56.9,0.126,13.56,1.72
20-Oct-2020 18:10:00,22.1,918.4,37.2,0.0,6.6,135.0,56.9,0.126,13.50,1.70
20-Oct-2020 18:20:00,21.2,918.4,37.7,0.0,3.8,135.0,55.8,0.125,13.44,1.68
20-Oct-2020 18:30:00,18.5,918.5,44.6,0.0,1.6,180.0,49.4,0.130,13.35,1.74
20-Oct-2020 18:40:00,17.1,918.6,50.0,0.0,1.8,0.0,47.2,0.126,13.28,1.68
20-Oct-2020 18:50:00,16.5,918.6,50.1,0.0,1.7,270.0,45.1,0.126,13.22,1.66
20-Oct-2020 19:00:00,15.7,918.6,51.0,0.0,4.0,315.0,44.5,0.128,13.17,1.68
20-Oct-2020 19:10:00,15.4,918.7,50.8,0.0,1.9,0.0,43.5,0.128,13.12,1.68
20-Oct-2020 19:20:00,14.8,918.8,53.0,0.0,3.8,315.0,42.9,0.130,13.09,1.70
20-Oct-2020 19:30:00,14.6,918.8,53.1,0.0,3.7,0.0,42.9,0.129,13.08,1.69
20-Oct-2020 19:40:00,14.3,918.8,51.5,0.0,2.3,0.0,41.9,0.131,13.07,1.72
20-Oct-2020 19:50:00,14.2,918.9,50.8,0.0,2.5,0.0,41.9,0.129,13.06,1.68
20-Oct-2020 20:00:00,14.1,918.9,52.3,0.0,3.6,0.0,41.9,0.147,13.05,1.92
20-Oct-2020 20:10:00,13.3,919.0,59.4,0.0,7.6,315.0,40.8,0.328,12.95,4.24
20-Oct-2020 20:20:00,13.4,919.1,74.5,0.0,10.9,315.0,41.3,0.349,12.94,4.51
20-Oct-2020 20:30:00,13.2,919.2,81.5,0.0,5.7,315.0,41.3,0.329,12.93,4.25
20-Oct-2020 20:40:00,13.0,919.3,84.0,0.0,6.9,315.0,41.9,0.354,12.92,4.57
20-Oct-2020 20:50:00,12.9,919.3,85.1,0.0,9.5,337.5,41.3,0.351,12.92,4.54
20-Oct-2020 21:00:00,12.7,919.5,86.4,0.0,8.9,315.0,41.3,0.329,12.92,4.25
20-Oct-2020 21:10:00,12.6,919.5,87.1,0.0,8.3,315.0,41.3,0.330,12.91,4.26
20-Oct-2020 21:20:00,12.4,919.6,87.8,0.0,7.7,0.0,40.8,0.709,12.87,9.11
20-Oct-2020 21:30:00,12.2,919.6,89.1,0.0,10.2,315.0,40.8,0.330,12.90,4.26
20-Oct-2020 21:40:00,12.2,919.5,89.2,0.0,9.8,315.0,41.3,0.330,12.90,4.26
20-Oct-2020 21:50:00,11.8,919.4,90.8,0.0,6.8,315.0,40.8,0.330,12.89,4.25
20-Oct-2020 22:00:00,11.7,919.4,91.7,0.0,7.4,315.0,40.2,0.331,12.89,4.28
20-Oct-2020 22:10:00,11.7,919.5,91.7,0.0,9.4,315.0,40.8,0.333,12.88,4.29
20-Oct-2020 22:20:00,11.5,919.5,92.5,0.0,7.4,315.0,39.7,0.330,12.88,4.25
20-Oct-2020 22:30:00,11.5,919.5,92.5,0.0,7.5,315.0,39.7,0.333,12.88,4.28
20-Oct-2020 22:40:00,11.2,919.5,93.9,0.0,8.8,315.0,40.2,0.329,12.87,4.24
20-Oct-2020 22:50:00,11.4,919.5,92.8,0.0,6.6,315.0,39.7,0.333,12.87,4.28
20-Oct-2020 23:00:00,11.2,919.5,94.0,0.0,5.8,315.0,39.7,0.331,12.87,4.26
20-Oct-2020 23:10:00,11.3,919.5,94.0,0.0,11.4,315.0,39.2,0.351,12.86,4.52
20-Oct-2020 23:20:00,11.2,919.5,93.9,0.0,8.4,315.0,39.7,0.331,12.86,4.26
20-Oct-2020 23:30:00,11.2,919.5,93.6,0.0,6.7,315.0,39.7,0.351,12.85,4.52
20-Oct-2020 23:40:00,10.9,919.4,95.0,0.0,4.8,315.0,39.7,0.331,12.85,4.26
20-Oct-2020 23:50:00,10.8,919.4,95.1,0.0,5.2,315.0,39.2,0.334,12.84,4.29
21-Oct-2020 00:00:00,11.2,919.4,94.1,0.0,4.4,270.0,39.2,0.331,12.84,4.28
21-Oct-2020 00:10:00,10.7,919.4,95.1,0.0,3.6,292.5,39.2,0.331,12.84,4.25
21-Oct-2020 00:20:00,10.5,919.5,97.0,0.0,6.0,315.0,39.2,0.333,12.84,4.26
21-Oct-2020 00:30:00,10.6,919.4,96.7,0.0,3.3,270.0,38.6,0.333,12.83,4.26
21-Oct-2020 00:40:00,10.6,919.3,96.3,0.0,3.7,0.0,38.6,0.349,12.82,4.47
21-Oct-2020 00:50:00,10.5,919.2,95.7,0.0,0.0,180.0,39.2,0.333,12.82,4.26
21-Oct-2020 01:00:00,10.8,919.2,95.3,0.0,9.2,270.0,39.2,0.331,12.82,4.25
21-Oct-2020 01:10:00,10.8,919.1,95.7,0.0,8.1,270.0,38.6,0.335,12.82,4.29
21-Oct-2020 01:20:00,11.1,919.0,93.5,0.0,6.2,270.0,39.2,0.330,12.81,4.22
21-Oct-2020 01:30:00,10.9,918.9,94.4,0.0,2.6,225.0,38.6,0.334,12.81,4.28
21-Oct-2020 01:40:00,10.5,918.7,96.0,0.0,1.1,225.0,38.6,0.333,12.81,4.26
21-Oct-2020 01:50:00,10.1,918.8,96.2,0.0,0.0,180.0,38.6,0.333,12.80,4.26
21-Oct-2020 02:00:00,10.1,918.6,99.4,0.0,6.0,315.0,38.6,0.354,12.80,4.53
21-Oct-2020 02:10:00,10.5,918.6,96.6,0.0,4.9,225.0,38.6,0.350,12.79,4.48
21-Oct-2020 02:20:00,10.4,918.5,96.8,0.0,4.6,315.0,38.6,0.331,12.80,4.24
21-Oct-2020 02:30:00,10.4,918.4,96.0,0.0,5.1,225.0,38.6,0.180,12.85,2.34
21-Oct-2020 02:40:00,10.0,918.3,97.7,0.0,3.2,270.0,39.2,0.180,12.86,2.32
21-Oct-2020 02:50:00,10.2,918.3,97.6,0.0,4.9,315.0,38.1,0.204,12.85,2.61
21-Oct-2020 03:00:00,10.0,918.3,98.0,0.0,2.2,270.0,38.6,0.314,12.80,4.02
21-Oct-2020 03:10:00,9.9,918.2,98.0,0.0,2.8,315.0,38.6,0.215,12.84,2.76
21-Oct-2020 03:20:00,9.9,918.2,98.3,0.0,1.1,225.0,38.6,0.223,12.83,2.85
21-Oct-2020 03:30:00,10.1,918.1,96.9,0.0,4.6,270.0,38.6,0.181,12.84,2.33
21-Oct-2020 03:40:00,9.9,918.0,96.9,0.0,2.2,270.0,38.1,0.191,12.81,2.44
21-Oct-2020 03:50:00,9.6,918.0,98.3,0.0,3.0,0.0,38.6,0.180,12.83,2.30
21-Oct-2020 04:00:00,9.7,918.0,99.7,0.0,2.2,315.0,37.6,0.181,12.83,2.33
21-Oct-2020 04:10:00,9.6,918.0,98.1,0.0,0.5,247.5,37.6,0.244,12.81,3.12
21-Oct-2020 04:20:00,9.5,918.1,99.2,0.0,0.0,225.0,37.6,0.181,12.82,2.33
21-Oct-2020 04:30:00,9.4,918.1,99.5,0.0,2.9,315.0,37.6,0.180,12.82,2.30
21-Oct-2020 04:40:00,9.5,918.1,99.5,0.0,1.6,315.0,37.6,0.180,12.82,2.30
21-Oct-2020 04:50:00,9.5,918.1,100.0,0.0,2.6,225.0,37.6,0.182,12.81,2.34
21-Oct-2020 05:00:00,9.8,918.1,98.6,0.0,1.9,270.0,37.6,0.355,12.76,4.53
21-Oct-2020 05:10:00,9.3,918.1,98.0,0.0,1.8,292.5,37.6,0.181,12.81,2.32
21-Oct-2020 05:20:00,9.1,918.1,100.0,0.0,2.6,0.0,37.6,0.182,12.80,2.34
21-Oct-2020 05:30:00,8.9,918.2,100.0,0.0,3.3,0.0,37.6,0.181,12.80,2.32
21-Oct-2020 05:40:00,9.0,918.3,100.0,0.0,1.7,0.0,37.0,0.357,12.78,4.56
21-Oct-2020 05:50:00,9.0,918.4,100.0,0.0,0.2,225.0,37.0,0.201,12.79,2.57
21-Oct-2020 06:00:00,8.9,918.5,100.0,0.0,1.7,270.0,37.0,0.236,12.77,3.02
21-Oct-2020 06:10:00,9.1,918.6,100.0,0.0,2.1,0.0,37.6,0.181,12.79,2.32
21-Oct-2020 06:20:00,9.1,918.8,100.0,0.0,2.6,45.0,37.6,0.224,12.78,2.85
21-Oct-2020 06:30:00,9.9,918.8,97.6,0.0,1.6,270.0,37.6,0.181,12.82,2.33
21-Oct-2020 06:40:00,10.0,918.9,95.7,0.0,2.4,270.0,38.6,0.185,12.83,2.37
21-Oct-2020 06:50:00,10.8,919.0,93.0,0.0,1.9,90.0,38.6,0.180,12.91,2.33
21-Oct-2020 07:00:00,11.4,919.1,89.0,0.0,0.0,180.0,38.6,0.181,12.96,2.36
21-Oct-2020 07:10:00,12.3,919.3,86.9,0.0,1.6,90.0,39.7,0.177,13.12,2.33
21-Oct-2020 07:20:00,12.8,919.3,84.1,0.0,0.1,270.0,39.7,0.175,13.24,2.32
21-Oct-2020 07:30:00,15.1,919.4,76.6,0.0,2.6,247.5,41.3,0.174,13.46,3.46
21-Oct-2020 07:40:00,17.6,919.4,66.9,0.0,3.0,225.0,44.0,0.168,13.94,2.33
21-Oct-2020 07:50:00,19.2,919.4,58.5,0.0,2.1,225.0,46.7,0.195,14.26,2.78
21-Oct-2020 08:00:00,21.6,919.6,52.0,0.0,1.0,180.0,47.8,0.300,14.28,4.29
21-Oct-2020 08:10:00,21.4,919.6,52.1,0.0,3.2,270.0,49.9,0.117,14.33,1.69
21-Oct-2020 08:20:00,23.2,919.6,46.8,0.0,5.3,225.0,50.5,0.119,14.28,1.69
21-Oct-2020 08:30:00,22.4,919.5,49.4,0.0,5.1,225.0,52.1,0.135,14.30,1.93
21-Oct-2020 08:40:00,22.7,919.5,47.1,0.0,4.2,270.0,53.2,0.122,13.81,1.69
21-Oct-2020 08:50:00,22.4,919.6,48.7,0.0,2.9,180.0,54.8,0.124,13.79,1.70
21-Oct-2020 09:00:00,23.9,919.6,43.8,0.0,4.4,135.0,55.8,0.121,13.78,1.66
21-Oct-2020 09:10:00,25.1,919.6,43.4,0.0,3.4,135.0,57.5,0.122,13.78,1.69
21-Oct-2020 09:20:00,24.7,919.6,40.0,0.0,1.1,225.0,58.0,0.119,13.77,1.64
21-Oct-2020 09:30:00,23.7,919.6,43.0,0.0,2.0,180.0,58.0,0.124,13.81,1.70
21-Oct-2020 09:40:00,23.1,919.6,48.9,0.0,8.1,135.0,58.5,0.121,13.75,1.66
21-Oct-2020 09:50:00,24.2,919.5,44.3,0.0,1.1,180.0,58.5,0.122,13.80,1.69
21-Oct-2020 10:00:00,22.8,919.5,50.7,0.0,8.0,180.0,59.1,0.116,13.76,1.60
21-Oct-2020 10:10:00,23.2,919.6,51.0,0.0,10.1,135.0,59.1,0.122,13.77,1.69
21-Oct-2020 10:20:00,24.7,919.5,40.4,0.0,10.5,135.0,59.6,0.122,13.79,1.69
21-Oct-2020 10:30:00,26.1,919.5,35.9,0.0,7.5,180.0,60.1,0.142,13.79,1.96
21-Oct-2020 10:40:00,24.3,919.4,38.1,0.0,7.6,135.0,59.6,0.122,13.76,1.69
21-Oct-2020 10:50:00,27.1,919.3,38.0,0.0,7.7,135.0,59.6,0.126,13.72,1.73
21-Oct-2020 11:00:00,31.6,919.1,26.6,0.0,1.9,90.0,60.1,0.122,13.75,1.69
21-Oct-2020 11:10:00,27.9,919.0,27.8,0.0,7.0,112.5,60.1,0.124,13.74,1.70
21-Oct-2020 11:20:00,29.9,918.9,25.8,0.0,6.2,180.0,60.1,0.124,13.73,1.70
21-Oct-2020 11:30:00,29.1,918.9,31.1,0.0,9.3,135.0,60.7,0.114,13.72,1.56
21-Oct-2020 11:40:00,28.1,918.6,29.7,0.0,10.9,225.0,61.2,0.122,13.73,1.68
21-Oct-2020 11:50:00,30.9,918.6,31.6,0.0,10.6,180.0,62.3,0.126,13.72,1.73
21-Oct-2020 12:00:00,23.4,918.5,37.0,0.0,10.5,157.5,59.1,0.124,13.75,1.70
21-Oct-2020 12:10:00,30.0,918.5,30.8,0.0,5.0,225.0,60.1,0.122,13.78,1.69
21-Oct-2020 12:20:00,27.3,918.3,31.1,0.0,17.5,135.0,60.1,0.126,13.79,1.74
21-Oct-2020 12:30:00,25.5,918.2,38.8,0.0,8.5,157.5,59.6,0.122,13.71,1.68
21-Oct-2020 12:40:00,29.7,918.2,31.6,0.0,8.6,180.0,60.1,0.124,13.77,1.70
21-Oct-2020 12:50:00,27.4,918.0,35.5,0.0,17.8,135.0,60.7,0.166,13.75,2.29
21-Oct-2020 13:00:00,27.4,917.9,31.8,0.0,16.9,135.0,60.1,0.122,13.74,1.69
21-Oct-2020 13:10:00,22.0,918.0,39.0,0.0,7.4,135.0,59.1,0.121,13.79,1.66
21-Oct-2020 13:20:00,26.4,918.0,38.2,0.0,10.4,135.0,59.1,0.114,13.80,1.57
21-Oct-2020 13:30:00,23.8,917.9,38.1,0.0,8.0,135.0,57.5,0.119,13.78,1.64
21-Oct-2020 13:40:00,25.1,917.8,38.2,0.0,19.5,135.0,59.6,0.122,13.82,1.69
21-Oct-2020 13:50:00,24.1,917.7,45.6,0.0,11.1,135.0,59.1,0.122,13.79,1.69
21-Oct-2020 14:00:00,25.4,917.6,38.2,0.0,14.2,90.0,59.6,0.133,13.76,1.82
21-Oct-2020 14:10:00,22.1,917.5,45.0,0.0,23.3,135.0,58.0,0.122,13.80,1.69
21-Oct-2020 14:20:00,22.9,917.5,43.7,0.0,16.4,90.0,56.9,0.140,13.78,1.93
21-Oct-2020 14:30:00,21.6,917.5,49.7,0.0,8.7,135.0,54.2,0.125,13.85,1.73
21-Oct-2020 14:40:00,21.7,917.4,50.1,0.0,10.2,135.0,54.8,0.124,13.84,1.72
21-Oct-2020 14:50:00,21.6,917.3,46.2,0.0,12.5,135.0,53.7,0.140,13.82,1.93
21-Oct-2020 15:00:00,25.7,917.2,37.5,0.0,6.4,90.0,59.1,0.121,13.82,1.68
21-Oct-2020 15:10:00,22.4,917.2,46.5,0.0,5.5,180.0,55.8,0.140,13.81,1.93
21-Oct-2020 15:20:00,23.3,917.1,42.9,0.0,10.3,135.0,58.0,0.120,13.83,1.66
21-Oct-2020 15:30:00,22.7,917.0,48.1,0.0,3.0,157.5,54.8,0.136,13.82,1.88
21-Oct-2020 15:40:00,28.8,916.8,34.5,0.0,7.1,225.0,58.5,0.121,13.83,1.83
21-Oct-2020 15:50:00,30.1,916.6,33.0,0.0,5.2,225.0,60.1,0.139,13.84,1.92
21-Oct-2020 16:00:00,28.8,916.5,35.3,0.0,10.3,135.0,62.3,0.142,13.80,1.97
21-Oct-2020 16:10:00,25.9,916.5,38.8,0.0,4.4,157.5,60.1,0.120,13.79,1.65
21-Oct-2020 16:20:00,24.7,916.4,40.7,0.0,11.7,180.0,59.1,0.122,13.80,1.69
21-Oct-2020 16:30:00,24.6,916.4,41.6,0.0,10.0,135.0,59.1,0.142,13.79,1.96
21-Oct-2020 16:40:00,23.5,916.3,38.6,0.0,10.1,135.0,56.9,0.140,13.82,1.93
21-Oct-2020 16:50:00,25.0,916.2,40.5,0.0,8.3,135.0,59.1,0.141,13.83,1.95
21-Oct-2020 17:00:00,23.7,916.2,38.7,0.0,6.2,135.0,58.0,0.142,13.84,1.97
21-Oct-2020 17:10:00,22.2,916.3,44.1,0.0,6.6,180.0,55.8,0.141,13.87,1.96
21-Oct-2020 17:20:00,22.7,916.4,46.9,0.0,5.4,90.0,54.8,0.141,13.89,1.96
21-Oct-2020 17:30:00,25.1,916.2,36.7,0.0,14.6,135.0,59.6,0.124,13.89,1.72
21-Oct-2020 17:40:00,23.6,916.4,37.9,0.0,8.5,135.0,59.1,0.120,13.87,1.66
21-Oct-2020 17:50:00,24.1,916.3,38.5,0.0,6.6,135.0,59.6,0.140,13.89,1.95
21-Oct-2020 18:00:00,22.7,916.3,42.1,0.0,7.7,135.0,56.9,0.138,13.88,1.91
21-Oct-2020 18:10:00,24.0,916.4,40.7,0.0,5.3,180.0,58.5,0.119,13.78,1.64
21-Oct-2020 18:20:00,19.9,916.4,50.3,0.0,7.8,135.0,52.6,0.122,13.62,1.66
21-Oct-2020 18:30:00,19.1,916.4,53.5,0.0,4.7,90.0,49.4,0.142,13.49,1.92
21-Oct-2020 18:40:00,18.4,916.4,55.7,0.0,3.7,90.0,47.8,0.126,13.37,1.69
21-Oct-2020 18:50:00,18.0,916.5,55.2,0.0,6.0,90.0,47.2,0.146,13.24,1.93
21-Oct-2020 19:00:00,17.9,916.5,56.4,0.0,3.5,45.0,46.2,0.147,13.14,1.93
21-Oct-2020 19:10:00,17.7,916.6,57.0,0.0,0.7,180.0,46.7,0.129,13.10,1.69
21-Oct-2020 19:20:00,17.2,916.7,60.1,0.0,3.1,45.0,46.2,0.149,13.07,1.95
21-Oct-2020 19:30:00,16.7,916.8,62.2,0.0,1.7,135.0,46.2,0.130,13.07,1.70
21-Oct-2020 19:40:00,16.4,916.8,63.5,0.0,3.2,0.0,45.6,0.131,13.06,1.72
21-Oct-2020 19:50:00,16.2,917.0,63.6,0.0,1.9,270.0,45.1,0.146,13.05,1.91
21-Oct-2020 20:00:00,15.9,917.0,64.6,0.0,2.1,337.5,44.0,0.155,13.04,2.02
21-Oct-2020 20:10:00,15.8,917.0,66.2,0.0,2.5,0.0,44.0,0.347,12.93,4.49
21-Oct-2020 20:20:00,15.7,917.1,67.6,0.0,2.9,0.0,43.5,0.349,12.93,4.51
21-Oct-2020 20:30:00,15.8,917.3,66.7,0.0,3.7,45.0,44.0,0.347,12.92,4.49
21-Oct-2020 20:40:00,16.2,917.4,65.4,0.0,2.6,0.0,45.1,0.331,12.92,4.28
21-Oct-2020 20:50:00,15.9,917.5,66.7,0.0,2.5,0.0,44.0,0.349,12.91,4.51
21-Oct-2020 21:00:00,15.6,917.5,67.8,0.0,1.6,135.0,45.1,0.330,12.91,4.26
21-Oct-2020 21:10:00,15.6,917.6,68.4,0.0,1.7,45.0,44.0,0.333,12.90,4.29
21-Oct-2020 21:20:00,15.8,917.7,69.1,0.0,2.8,135.0,45.1,0.350,12.89,4.52
21-Oct-2020 21:30:00,15.9,917.8,69.3,0.0,3.5,90.0,45.1,0.331,12.90,4.28
21-Oct-2020 21:40:00,16.1,918.0,69.0,0.0,8.1,90.0,45.1,0.350,12.89,4.51
21-Oct-2020 21:50:00,15.6,918.1,72.3,0.0,8.3,90.0,44.0,0.350,12.89,4.51
21-Oct-2020 22:00:00,15.6,918.1,72.5,0.0,6.5,112.5,44.0,0.351,12.88,4.52
21-Oct-2020 22:10:00,15.4,918.0,74.2,0.0,5.4,135.0,45.1,0.331,12.88,4.26
21-Oct-2020 22:20:00,15.1,918.2,75.7,0.0,1.1,180.0,44.0,0.354,12.87,4.56
21-Oct-2020 22:30:00,14.5,918.2,77.6,0.0,0.0,225.0,44.0,0.354,12.87,4.56
21-Oct-2020 22:40:00,14.4,918.1,78.6,0.0,2.1,270.0,43.5,0.351,12.87,4.52
21-Oct-2020 22:50:00,14.6,918.0,78.0,0.0,3.8,315.0,43.5,0.330,12.87,4.25
21-Oct-2020 23:00:00,14.7,918.0,77.7,0.0,3.8,315.0,43.5,0.331,12.86,4.26
21-Oct-2020 23:10:00,14.4,917.9,78.8,0.0,3.9,315.0,43.5,0.331,12.86,4.26
21-Oct-2020 23:20:00,14.4,918.0,78.8,0.0,3.4,270.0,42.9,0.351,12.85,4.52
21-Oct-2020 23:30:00,14.3,918.1,80.0,0.0,4.2,270.0,43.5,0.350,12.85,4.49
21-Oct-2020 23:40:00,13.8,918.2,81.3,0.0,0.7,180.0,43.5,0.351,12.85,4.52
21-Oct-2020 23:50:00,13.9,918.2,81.2,0.0,0.0,180.0,42.9,0.333,12.85,4.28
22-Oct-2020 00:00:00,13.5,918.1,83.5,0.0,2.5,0.0,41.9,0.333,12.84,4.28
22-Oct-2020 00:10:00,13.5,918.1,83.6,0.0,2.7,45.0,42.9,0.359,12.83,4.61
22-Oct-2020 00:20:00,14.0,918.1,81.5,0.0,2.2,45.0,43.5,0.352,12.83,4.52
22-Oct-2020 00:30:00,14.1,918.2,80.9,0.0,1.2,135.0,42.9,0.354,12.83,4.53
22-Oct-2020 00:40:00,14.1,918.3,81.5,0.0,3.2,90.0,43.5,0.351,12.83,4.51
22-Oct-2020 00:50:00,14.2,918.1,80.5,0.0,1.9,90.0,44.0,0.352,12.82,4.52
22-Oct-2020 01:00:00,14.1,918.1,81.4,0.0,2.8,90.0,44.0,0.334,12.82,4.28
22-Oct-2020 01:10:00,14.3,918.0,80.3,0.0,1.1,135.0,44.0,0.333,12.82,4.26
22-Oct-2020 01:20:00,14.3,918.0,80.8,0.0,3.0,90.0,43.5,0.354,12.81,4.53
22-Oct-2020 01:30:00,14.3,918.0,81.0,0.0,2.1,180.0,43.5,0.333,12.81,4.26
22-Oct-2020 01:40:00,14.3,917.9,79.7,0.0,3.3,45.0,43.5,0.333,12.80,4.26
22-Oct-2020 01:50:00,14.3,917.7,79.3,0.0,3.2,0.0,44.0,0.352,12.79,4.51
22-Oct-2020 02:00:00,14.3,917.8,79.6,0.0,3.3,45.0,43.5,0.355,12.79,4.54
22-Oct-2020 02:10:00,14.4,917.7,79.6,0.0,3.4,45.0,44.0,0.331,12.79,4.24
22-Oct-2020 02:20:00,14.6,917.5,77.1,0.0,1.4,180.0,44.0,0.331,12.79,4.24
22-Oct-2020 02:30:00,14.5,917.5,78.6,0.0,2.8,90.0,44.0,0.346,12.78,4.43
22-Oct-2020 02:40:00,14.3,917.6,79.1,0.0,2.1,90.0,43.5,0.182,12.85,2.34
22-Oct-2020 02:50:00,14.5,917.4,77.3,0.0,0.9,135.0,43.5,0.200,12.84,2.57
22-Oct-2020 03:00:00,14.1,917.3,79.7,0.0,1.3,135.0,43.5,0.215,12.84,2.76
22-Oct-2020 03:10:00,14.2,917.2,78.9,0.0,1.4,45.0,42.9,0.180,12.84,2.32
22-Oct-2020 03:20:00,13.8,917.2,80.7,0.0,0.0,180.0,43.5,0.352,12.82,4.52
22-Oct-2020 03:30:00,13.7,917.2,81.8,0.0,2.1,135.0,42.9,0.184,12.83,2.36
22-Oct-2020 03:40:00,13.6,917.1,82.9,0.0,1.2,45.0,42.9,0.212,12.82,2.73
22-Oct-2020 03:50:00,13.6,917.1,82.9,0.0,1.8,0.0,42.9,0.182,12.83,2.34
22-Oct-2020 04:00:00,13.7,917.0,82.2,0.0,2.0,90.0,41.9,0.219,12.81,2.80
22-Oct-2020 04:10:00,13.6,917.0,82.6,0.0,2.3,90.0,41.9,0.182,12.82,2.34
22-Oct-2020 04:20:00,13.5,917.0,83.0,0.0,2.2,90.0,42.4,0.369,12.76,4.71
22-Oct-2020 04:30:00,13.2,917.0,84.2,0.0,1.8,135.0,42.4,0.201,12.81,2.57
22-Oct-2020 04:40:00,12.7,917.1,86.2,0.0,2.2,90.0,41.3,0.215,12.78,2.75
22-Oct-2020 04:50:00,12.6,917.1,87.3,0.0,2.5,90.0,41.3,0.182,12.81,2.34
22-Oct-2020 05:00:00,12.5,917.1,87.5,0.0,3.6,90.0,40.8,0.182,12.81,2.34
22-Oct-2020 05:10:00,12.5,917.1,87.5,0.0,4.4,45.0,40.8,0.207,12.80,2.65
22-Oct-2020 05:20:00,12.9,917.3,86.0,0.0,6.2,67.5,40.8,0.356,12.75,4.54
22-Oct-2020 05:30:00,12.9,917.4,85.7,0.0,3.4,135.0,41.3,0.215,12.79,2.75
22-Oct-2020 05:40:00,12.6,917.4,86.9,0.0,6.4,90.0,41.3,0.181,12.80,2.32
22-Oct-2020 05:50:00,12.2,917.5,89.0,0.0,4.4,45.0,39.7,0.235,12.78,3.01
22-Oct-2020 06:00:00,12.2,917.6,89.6,0.0,4.2,45.0,40.8,0.193,12.74,2.46
22-Oct-2020 06:10:00,12.0,917.6,90.7,0.0,3.8,0.0,40.8,0.182,12.79,2.33
22-Oct-2020 06:20:00,12.1,917.7,90.2,0.0,3.6,45.0,40.8,0.355,12.73,4.52
22-Oct-2020 06:30:00,12.1,917.8,89.7,0.0,3.5,90.0,40.2,0.235,12.79,3.01
22-Oct-2020 06:40:00,12.6,917.9,88.0,0.0,2.5,45.0,40.8,0.194,12.83,2.48
22-Oct-2020 06:50:00,14.1,918.1,81.2,0.0,0.5,135.0,40.8,0.354,12.87,4.56
22-Oct-2020 07:00:00,16.4,918.0,74.0,0.0,1.6,270.0,42.4,0.180,13.06,2.36
22-Oct-2020 07:10:00,18.6,918.2,64.1,0.0,0.9,225.0,44.5,0.177,13.24,2.36
22-Oct-2020 07:20:00,21.7,918.2,54.1,0.0,0.0,180.0,46.2,0.176,13.43,2.37
22-Oct-2020 07:30:00,22.1,918.2,51.2,0.0,0.0,180.0,47.2,0.175,13.60,2.38
22-Oct-2020 07:40:00,21.6,918.4,52.8,0.0,1.5,135.0,48.9,0.294,13.77,4.04
22-Oct-2020 07:50:00,20.9,918.5,52.8,0.0,3.5,135.0,49.9,0.328,13.88,4.54
22-Oct-2020 08:00:00,19.7,918.5,58.6,0.0,6.7,135.0,50.5,0.328,14.15,4.63
22-Oct-2020 08:10:00,19.2,918.6,59.9,0.0,8.4,112.5,52.1,0.117,14.29,1.68
22-Oct-2020 08:20:00,20.6,918.7,61.1,0.0,5.3,135.0,52.6,0.116,14.29,1.66
22-Oct-2020 08:30:00,20.9,918.8,57.5,0.0,5.7,157.5,53.7,0.120,14.26,1.72
22-Oct-2020 08:40:00,21.5,918.9,55.9,0.0,7.9,135.0,54.8,0.121,13.94,1.69
22-Oct-2020 08:50:00,22.4,918.9,52.3,0.0,3.4,180.0,55.8,0.117,13.79,1.63
22-Oct-2020 09:00:00,22.8,918.9,50.8,0.0,6.4,180.0,58.0,0.135,13.77,1.86
22-Oct-2020 09:10:00,21.9,918.9,56.3,0.0,5.4,180.0,56.9,0.116,13.81,1.60
22-Oct-2020 09:20:00,22.1,918.8,52.1,0.0,4.7,180.0,58.0,0.116,13.76,1.60
22-Oct-2020 09:30:00,22.1,918.8,54.0,0.0,11.9,135.0,57.5,0.141,13.77,1.95
22-Oct-2020 09:40:00,23.2,918.7,50.2,0.0,6.6,180.0,58.0,0.140,13.77,1.93
22-Oct-2020 09:50:00,24.6,918.7,48.1,0.0,6.1,180.0,59.1,0.122,13.76,1.69
22-Oct-2020 10:00:00,25.6,918.8,43.8,0.0,7.2,135.0,60.1,0.130,13.78,1.79
22-Oct-2020 10:10:00,26.7,918.7,43.6,0.0,9.5,180.0,60.1,0.150,13.75,2.06
22-Oct-2020 10:20:00,28.6,918.6,42.9,0.0,8.9,225.0,60.1,0.121,13.73,1.66
22-Oct-2020 10:30:00,28.5,918.6,40.2,0.0,6.1,225.0,60.7,0.126,13.77,1.74
22-Oct-2020 10:40:00,27.4,918.5,41.0,0.0,4.5,135.0,60.1,0.124,13.74,1.70
22-Oct-2020 10:50:00,27.9,918.5,36.5,0.0,9.4,135.0,60.1,0.141,13.77,1.95
22-Oct-2020 11:00:00,30.9,918.4,30.7,0.0,2.7,135.0,62.3,0.145,13.69,1.98
22-Oct-2020 11:10:00,32.3,918.3,31.3,0.0,6.3,225.0,64.5,0.125,13.73,1.72
22-Oct-2020 11:20:00,33.4,918.2,29.7,0.0,5.0,180.0,65.5,0.126,13.70,1.73
22-Oct-2020 11:30:00,29.4,918.3,38.1,0.0,2.9,180.0,60.7,0.119,14.46,1.72
22-Oct-2020 11:40:00,28.4,918.1,35.9,0.0,11.2,180.0,62.3,0.119,14.39,1.72
22-Oct-2020 11:50:00,25.6,918.0,41.3,0.0,9.0,90.0,60.1,0.138,13.77,1.89
22-Oct-2020 12:00:00,27.9,917.9,39.5,0.0,7.1,135.0,60.1,0.131,13.76,1.80
22-Oct-2020 12:10:00,31.5,917.8,34.2,0.0,4.8,135.0,62.3,0.139,13.74,1.91
22-Oct-2020 12:20:00,26.0,917.8,40.2,0.0,3.2,135.0,60.1,0.139,13.72,1.91
22-Oct-2020 12:30:00,27.3,917.6,37.3,0.0,5.8,135.0,60.1,0.125,13.77,1.72
22-Oct-2020 12:40:00,23.1,917.6,48.7,0.0,3.7,135.0,59.6,0.141,13.78,1.95
22-Oct-2020 12:50:00,31.6,917.5,32.1,0.0,5.7,135.0,61.8,0.141,13.79,1.95
22-Oct-2020 13:00:00,24.9,917.5,38.8,0.0,4.7,0.0,59.1,0.128,13.91,1.78
22-Oct-2020 13:10:00,29.1,917.4,33.6,0.0,11.5,135.0,60.1,0.147,13.70,2.02
22-Oct-2020 13:20:00,29.4,917.3,29.3,0.0,12.7,90.0,61.2,0.141,13.76,1.95
22-Oct-2020 13:30:00,32.1,917.2,26.4,0.0,3.2,90.0,62.3,0.140,13.75,1.92
22-Oct-2020 13:40:00,30.4,917.2,28.9,0.0,5.9,180.0,62.3,0.130,13.72,1.78
22-Oct-2020 13:50:00,30.6,917.0,31.1,0.0,7.1,180.0,61.8,0.130,13.78,1.79
22-Oct-2020 14:00:00,26.3,917.1,34.4,0.0,3.0,315.0,60.1,0.133,13.78,1.82
22-Oct-2020 14:10:00,33.9,917.0,23.6,0.0,7.5,135.0,62.8,0.140,13.78,1.93
22-Oct-2020 14:20:00,28.4,916.9,36.2,0.0,2.0,180.0,60.1,0.149,13.76,2.05
22-Oct-2020 14:30:00,25.2,916.8,38.4,0.0,8.0,135.0,60.1,0.133,13.77,1.83
22-Oct-2020 14:40:00,30.1,916.6,32.3,0.0,9.3,90.0,61.2,0.133,13.72,1.82
22-Oct-2020 14:50:00,28.8,916.5,30.7,0.0,3.4,112.5,60.1,0.128,13.78,1.75
22-Oct-2020 15:00:00,29.7,916.3,31.9,0.0,7.7,315.0,61.2,0.131,13.75,1.80
22-Oct-2020 15:10:00,25.4,916.3,39.7,0.0,6.3,135.0,60.1,0.131,13.74,1.80
22-Oct-2020 15:20:00,25.1,916.2,38.2,0.0,3.1,90.0,59.6,0.131,13.82,1.82
22-Oct-2020 15:30:00,31.9,916.1,29.4,0.0,2.4,225.0,61.2,0.150,13.77,2.06
22-Oct-2020 15:40:00,25.8,916.0,38.5,0.0,8.5,135.0,60.1,0.128,13.83,1.77
22-Oct-2020 15:50:00,25.6,915.9,39.1,0.0,5.6,270.0,59.1,0.130,13.92,1.74
22-Oct-2020 16:00:00,28.6,915.8,31.9,0.0,4.1,112.5,60.1,0.131,13.80,1.82
22-Oct-2020 16:10:00,28.0,915.8,35.5,0.0,12.6,135.0,60.1,0.215,13.76,2.96
22-Oct-2020 16:20:00,28.5,915.8,30.6,0.0,6.4,67.5,60.7,0.129,13.81,1.78
22-Oct-2020 16:30:00,28.7,915.7,32.1,0.0,7.3,180.0,61.2,0.131,13.81,1.82
22-Oct-2020 16:40:00,27.1,915.8,31.9,0.0,5.8,90.0,60.7,0.128,13.81,1.77
22-Oct-2020 16:50:00,26.5,915.8,37.4,0.0,12.7,90.0,60.7,0.126,13.81,1.74
22-Oct-2020 17:00:00,27.2,916.0,33.4,0.0,10.0,135.0,60.1,0.130,13.84,1.80
22-Oct-2020 17:10:00,26.2,915.9,34.2,0.0,6.9,112.5,59.1,0.130,13.84,1.80
22-Oct-2020 17:20:00,25.8,916.1,36.4,0.0,11.5,135.0,60.1,0.131,13.88,1.82
22-Oct-2020 17:30:00,26.7,916.0,36.4,0.0,11.8,135.0,59.6,0.152,13.91,2.12
22-Oct-2020 17:40:00,24.8,916.1,37.7,0.0,10.3,135.0,60.1,0.130,13.87,1.80
22-Oct-2020 17:50:00,24.6,916.3,37.9,0.0,10.6,135.0,59.1,0.150,13.73,2.06
22-Oct-2020 18:00:00,25.1,916.3,35.7,0.0,2.0,90.0,59.1,0.131,13.69,1.79
22-Oct-2020 18:10:00,23.3,916.4,37.6,0.0,6.1,180.0,58.0,0.133,13.64,1.80
22-Oct-2020 18:20:00,22.4,916.5,42.3,0.0,1.5,90.0,54.8,0.151,13.54,2.05
22-Oct-2020 18:30:00,21.5,916.6,44.7,0.0,3.5,135.0,52.1,0.134,13.50,1.80
22-Oct-2020 18:40:00,21.2,916.7,43.1,0.0,1.8,157.5,51.5,0.133,13.46,1.78
22-Oct-2020 18:50:00,20.7,916.8,43.7,0.0,3.2,90.0,49.4,0.164,13.39,2.19
22-Oct-2020 19:00:00,20.0,916.9,45.7,0.0,1.9,0.0,49.4,0.135,13.31,1.79
22-Oct-2020 19:10:00,19.0,916.9,49.9,0.0,4.4,0.0,48.3,0.134,13.20,1.77
22-Oct-2020 19:20:00,18.2,917.0,50.4,0.0,0.6,0.0,47.2,0.136,13.11,1.79
22-Oct-2020 19:30:00,17.8,917.1,49.6,0.0,3.7,0.0,46.7,0.136,13.07,1.78
22-Oct-2020 19:40:00,17.2,917.1,51.3,0.0,1.6,180.0,46.2,0.138,13.05,1.79
22-Oct-2020 19:50:00,16.6,917.3,54.7,0.0,2.6,0.0,45.1,0.138,13.05,1.79
22-Oct-2020 20:00:00,16.4,917.3,56.3,0.0,4.2,0.0,45.1,0.140,13.04,1.83
22-Oct-2020 20:10:00,16.4,917.5,55.9,0.0,3.4,0.0,45.1,0.338,12.93,4.36
22-Oct-2020 20:20:00,16.5,917.5,55.3,0.0,3.1,0.0,45.1,0.338,12.92,4.36
22-Oct-2020 20:30:00,16.6,917.7,55.1,0.0,3.1,0.0,44.5,0.356,12.91,4.60
22-Oct-2020 20:40:00,16.6,917.7,55.3,0.0,2.3,270.0,44.0,0.336,12.91,4.34
22-Oct-2020 20:50:00,16.2,917.8,59.4,0.0,4.2,0.0,44.5,0.356,12.90,4.60
22-Oct-2020 21:00:00,16.3,917.9,68.0,0.0,11.3,315.0,44.5,0.356,12.89,4.60
22-Oct-2020 21:10:00,16.2,918.0,74.0,0.0,11.0,315.0,44.5,0.338,12.90,4.35
22-Oct-2020 21:20:00,15.9,918.0,77.7,0.0,11.8,337.5,45.1,0.338,12.90,4.35
22-Oct-2020 21:30:00,15.6,918.0,80.2,0.0,10.1,315.0,45.1,0.338,12.89,4.35
22-Oct-2020 21:40:00,15.3,918.0,82.3,0.0,9.2,315.0,44.5,0.336,12.89,4.35
22-Oct-2020 21:50:00,15.2,917.9,82.6,0.0,6.6,0.0,44.5,0.340,12.89,4.38
22-Oct-2020 22:00:00,14.7,918.0,83.8,0.0,1.9,90.0,44.5,0.336,12.88,4.33
22-Oct-2020 22:10:00,14.4,917.9,85.5,0.0,5.8,0.0,43.5,0.336,12.88,4.33
22-Oct-2020 22:20:00,14.0,917.9,86.7,0.0,4.5,0.0,43.5,0.364,12.87,4.68
22-Oct-2020 22:30:00,13.9,918.1,87.2,0.0,3.5,22.5,42.9,0.339,12.88,4.36
22-Oct-2020 22:40:00,14.1,918.0,85.3,0.0,2.3,225.0,44.0,0.338,12.86,4.34
22-Oct-2020 22:50:00,14.3,918.0,84.2,0.0,0.0,180.0,43.5,0.338,12.86,4.34
22-Oct-2020 23:00:00,13.5,918.1,87.5,0.0,0.0,225.0,42.9,0.339,12.86,4.35
22-Oct-2020 23:10:00,13.8,918.1,85.9,0.0,1.8,0.0,42.9,0.338,12.86,4.34
22-Oct-2020 23:20:00,13.8,918.0,85.9,0.0,3.6,225.0,42.9,0.338,12.85,4.34
22-Oct-2020 23:30:00,14.1,917.9,84.3,0.0,7.0,270.0,42.9,0.339,12.85,4.35
22-Oct-2020 23:40:00,14.0,918.1,85.1,0.0,3.4,270.0,42.9,0.339,12.84,4.35
22-Oct-2020 23:50:00,13.8,918.1,85.7,0.0,5.3,225.0,42.9,0.343,12.84,4.40
23-Oct-2020 00:00:00,13.9,918.0,85.6,0.0,2.3,270.0,42.4,0.360,12.83,4.62
23-Oct-2020 00:10:00,14.1,917.8,84.3,0.0,3.8,270.0,42.9,0.340,12.84,4.36
23-Oct-2020 00:20:00,14.1,917.7,84.3,0.0,3.0,270.0,43.5,0.340,12.83,4.36
23-Oct-2020 00:30:00,13.9,917.7,85.2,0.0,3.1,270.0,43.5,0.340,12.82,4.36
23-Oct-2020 00:40:00,13.7,917.7,86.4,0.0,3.6,315.0,42.9,0.339,12.82,4.34
23-Oct-2020 00:50:00,13.3,917.6,88.6,0.0,3.2,270.0,41.9,0.340,12.81,4.35
23-Oct-2020 01:00:00,13.0,917.5,90.8,0.0,2.4,315.0,42.4,0.341,12.81,4.38
23-Oct-2020 01:10:00,13.1,917.5,90.3,0.0,3.7,315.0,41.9,0.361,12.80,4.62
23-Oct-2020 01:20:00,12.9,917.3,91.6,0.0,2.4,270.0,41.9,0.340,12.80,4.35
23-Oct-2020 01:30:00,13.1,917.2,91.7,0.0,4.6,270.0,41.9,0.451,12.80,5.76
23-Oct-2020 01:40:00,13.2,917.1,91.3,0.0,5.7,315.0,41.9,0.359,12.79,4.58
23-Oct-2020 01:50:00,12.9,916.9,92.7,0.0,2.4,292.5,41.9,0.340,12.79,4.35
23-Oct-2020 02:00:00,12.9,916.7,92.6,0.0,3.4,270.0,41.9,0.339,12.79,4.33
23-Oct-2020 02:10:00,12.9,916.5,92.6,0.0,4.6,315.0,41.9,0.339,12.78,4.33
23-Oct-2020 02:20:00,12.5,916.6,94.1,0.0,3.5,270.0,41.9,0.340,12.78,4.35
23-Oct-2020 02:30:00,12.7,916.5,94.3,0.0,0.7,225.0,41.9,0.341,12.78,4.36
23-Oct-2020 02:40:00,12.4,916.5,95.0,0.0,2.1,337.5,41.9,0.336,12.78,4.30
23-Oct-2020 02:50:00,12.4,916.4,96.5,0.0,3.5,270.0,41.9,0.189,12.84,2.42
23-Oct-2020 03:00:00,12.6,916.3,94.8,0.0,2.2,225.0,41.3,0.188,12.84,2.41
23-Oct-2020 03:10:00,12.4,916.3,96.2,0.0,4.8,270.0,41.3,0.190,12.83,2.43
23-Oct-2020 03:20:00,12.5,916.3,95.9,0.0,3.3,315.0,40.8,0.189,12.83,2.42
23-Oct-2020 03:30:00,12.4,916.3,96.2,0.0,1.1,225.0,40.8,0.186,12.83,2.39
23-Oct-2020 03:40:00,12.4,916.4,96.6,0.0,1.2,225.0,40.8,0.189,12.82,2.42
23-Oct-2020 03:50:00,12.5,916.3,96.6,0.0,2.3,315.0,41.3,0.323,12.81,4.12
23-Oct-2020 04:00:00,12.4,916.6,96.9,0.0,2.5,0.0,41.9,0.186,12.82,2.38
23-Oct-2020 04:10:00,12.6,916.6,95.8,0.0,3.4,225.0,41.9,0.189,12.81,2.42
23-Oct-2020 04:20:00,12.2,916.7,97.5,0.0,3.5,45.0,41.3,0.189,12.81,2.42
23-Oct-2020 04:30:00,12.3,916.6,97.7,0.0,0.8,157.5,41.9,0.224,12.80,2.87
23-Oct-2020 04:40:00,12.2,916.6,97.4,0.0,0.0,247.5,41.3,0.188,12.81,2.41
23-Oct-2020 04:50:00,12.2,916.5,98.8,0.0,1.1,225.0,41.9,0.230,12.79,2.94
23-Oct-2020 05:00:00,12.3,916.7,98.5,0.0,0.5,180.0,41.3,0.190,12.80,2.43
23-Oct-2020 05:10:00,12.6,916.7,95.6,0.0,3.2,225.0,41.9,0.189,12.80,2.42
23-Oct-2020 05:20:00,12.3,916.6,95.5,0.0,0.0,180.0,41.3,0.190,12.79,2.43
23-Oct-2020 05:30:00,12.3,916.5,95.9,0.0,0.9,225.0,41.3,0.189,12.80,2.42
23-Oct-2020 05:40:00,11.9,916.6,97.0,0.0,0.0,180.0,41.3,0.189,12.79,2.42
23-Oct-2020 05:50:00,12.0,916.6,96.9,0.0,0.0,180.0,41.3,0.193,12.79,2.46
23-Oct-2020 06:00:00,11.7,916.5,98.2,0.0,0.0,180.0,40.8,0.211,12.78,2.70
23-Oct-2020 06:10:00,11.9,916.7,97.8,0.0,0.0,180.0,40.8,0.190,12.79,2.43
23-Oct-2020 06:20:00,12.6,916.9,95.2,0.0,1.6,135.0,41.9,0.190,12.80,2.43
23-Oct-2020 06:30:00,13.4,917.1,90.6,0.0,2.2,180.0,41.9,0.188,12.82,2.41
23-Oct-2020 06:40:00,14.3,917.1,85.1,0.0,2.2,180.0,41.9,0.189,12.86,2.43
23-Oct-2020 06:50:00,16.0,917.2,77.0,0.0,1.3,225.0,43.5,0.188,13.00,2.43
23-Oct-2020 07:00:00,17.8,917.3,68.8,0.0,2.5,180.0,44.0,0.185,13.17,2.43
23-Oct-2020 07:10:00,18.5,917.3,66.0,0.0,0.7,180.0,45.1,0.181,13.34,2.42
23-Oct-2020 07:20:00,20.8,917.4,57.8,0.0,0.0,180.0,47.2,0.181,13.51,2.44
23-Oct-2020 07:30:00,23.4,917.4,50.2,0.0,0.0,180.0,48.3,0.212,13.60,2.89
23-Oct-2020 07:40:00,22.6,917.5,56.0,0.0,3.3,270.0,49.4,0.177,13.76,2.44
23-Oct-2020 07:50:00,22.6,917.4,54.8,0.0,2.8,180.0,51.5,0.199,13.79,2.74
23-Oct-2020 08:00:00,22.9,917.3,55.8,0.0,2.9,225.0,52.6,0.195,13.77,2.69
23-Oct-2020 08:10:00,23.5,917.4,50.5,0.0,4.6,225.0,54.8,0.133,13.80,1.83
23-Oct-2020 08:20:00,24.1,917.6,50.9,0.0,4.1,202.5,56.4,0.134,13.82,1.84
23-Oct-2020 08:30:00,23.7,917.6,49.9,0.0,3.1,135.0,56.9,0.133,13.81,1.83
23-Oct-2020 08:40:00,24.1,917.7,48.9,0.0,4.6,135.0,56.9,0.126,13.76,1.74
23-Oct-2020 08:50:00,23.8,917.6,50.8,0.0,8.0,135.0,58.0,0.129,13.79,1.77
23-Oct-2020 09:00:00,23.8,917.5,48.2,0.0,5.6,135.0,58.5,0.147,13.80,2.04
23-Oct-2020 09:10:00,24.2,917.4,49.1,0.0,2.6,180.0,59.6,0.129,13.75,1.77
23-Oct-2020 09:20:00,22.5,917.3,52.9,0.0,8.1,157.5,58.0,0.130,13.79,1.79
23-Oct-2020 09:30:00,23.5,917.2,47.9,0.0,4.0,202.5,58.0,0.134,13.78,1.84
23-Oct-2020 09:40:00,26.0,917.2,42.2,0.0,13.4,90.0,59.1,0.129,13.78,1.78
23-Oct-2020 09:50:00,26.3,917.1,46.4,0.0,12.4,180.0,60.1,0.149,13.74,2.05
23-Oct-2020 10:00:00,24.4,917.2,47.2,0.0,9.5,180.0,60.1,0.125,13.77,1.72
23-Oct-2020 10:10:00,22.2,917.2,55.1,0.0,11.3,135.0,58.0,0.129,13.79,1.78
23-Oct-2020 10:20:00,25.8,917.1,44.7,0.0,6.7,202.5,59.6,0.140,13.80,1.93
23-Oct-2020 10:30:00,27.6,917.1,42.2,0.0,10.8,135.0,60.1,0.133,13.75,1.82
23-Oct-2020 10:40:00,28.2,917.0,45.1,0.0,11.2,202.5,60.1,0.120,13.74,1.65
23-Oct-2020 10:50:00,27.4,916.8,38.2,0.0,20.3,135.0,61.2,0.147,13.72,2.02
23-Oct-2020 11:00:00,26.2,916.9,41.8,0.0,17.3,135.0,60.1,0.124,13.73,1.79
23-Oct-2020 11:10:00,27.4,916.8,44.2,0.0,10.2,90.0,60.1,0.139,13.78,1.91
23-Oct-2020 11:20:00,28.0,916.8,36.6,0.0,14.1,135.0,61.8,0.129,13.72,1.77
23-Oct-2020 11:30:00,27.1,916.7,40.1,0.0,9.4,90.0,60.1,0.130,13.73,1.78
23-Oct-2020 11:40:00,24.4,916.6,44.7,0.0,10.9,135.0,59.1,0.279,13.76,3.84
23-Oct-2020 11:50:00,26.3,916.6,42.0,0.0,22.4,135.0,60.1,0.150,13.77,2.06
23-Oct-2020 12:00:00,28.6,916.5,37.1,0.0,17.0,135.0,60.1,0.130,13.79,1.79
23-Oct-2020 12:10:00,26.4,916.5,41.1,0.0,12.7,135.0,60.1,0.130,13.75,1.79
23-Oct-2020 12:20:00,26.8,916.4,39.0,0.0,14.8,135.0,60.1,0.131,13.80,1.80
23-Oct-2020 12:30:00,29.1,916.4,34.8,0.0,14.8,135.0,60.1,0.129,13.78,1.78
23-Oct-2020 12:40:00,27.8,916.2,39.8,0.0,17.8,135.0,60.7,0.130,13.75,1.79
23-Oct-2020 12:50:00,26.8,915.9,36.4,0.0,17.4,135.0,60.1,0.150,13.75,2.06
23-Oct-2020 13:00:00,25.6,915.8,43.7,0.0,19.1,135.0,59.1,0.130,13.79,1.79
23-Oct-2020 13:10:00,26.2,915.6,38.5,0.0,9.0,135.0,59.6,0.134,13.79,1.84
23-Oct-2020 13:20:00,27.6,915.5,34.6,0.0,21.4,180.0,59.6,0.130,13.82,1.79
23-Oct-2020 13:30:00,27.0,915.3,37.5,0.0,15.6,135.0,60.1,0.130,13.77,1.79
23-Oct-2020 13:40:00,26.6,915.1,39.9,0.0,11.4,90.0,59.6,0.130,13.78,1.79
23-Oct-2020 13:50:00,27.0,915.0,38.1,0.0,20.5,135.0,59.6,0.136,13.79,1.88
23-Oct-2020 14:00:00,29.5,914.7,31.5,0.0,28.6,135.0,60.7,0.146,13.78,2.01
23-Oct-2020 14:10:00,28.1,914.8,36.1,0.0,16.2,135.0,60.1,0.128,13.85,1.77
23-Oct-2020 14:20:00,27.3,914.7,38.5,0.0,12.1,135.0,60.1,0.126,13.79,1.74
23-Oct-2020 14:30:00,28.9,914.6,33.6,0.0,12.1,180.0,60.1,0.149,13.77,2.05
23-Oct-2020 14:40:00,26.3,914.4,37.8,0.0,15.9,135.0,60.1,0.128,13.84,1.77
23-Oct-2020 14:50:00,29.6,914.3,33.7,0.0,13.1,135.0,62.3,0.131,13.79,1.80
23-Oct-2020 15:00:00,28.8,914.0,33.0,0.0,18.6,112.5,64.5,0.131,13.76,1.80
23-Oct-2020 15:10:00,28.4,914.1,34.0,0.0,10.0,180.0,60.7,0.128,13.79,1.75
23-Oct-2020 15:20:00,29.1,913.9,31.9,0.0,16.6,135.0,63.4,0.130,13.78,1.79
23-Oct-2020 15:30:00,24.5,913.8,39.9,0.0,16.1,135.0,59.1,0.139,13.82,1.92
23-Oct-2020 15:40:00,25.4,913.5,38.1,0.0,20.3,135.0,59.1,0.129,13.82,1.78
23-Oct-2020 15:50:00,26.4,913.2,36.9,0.0,15.0,90.0,60.1,0.129,13.82,1.78
23-Oct-2020 16:00:00,27.0,913.0,36.2,0.0,11.5,90.0,59.6,0.129,13.82,1.78
23-Oct-2020 16:10:00,25.4,913.0,47.8,0.0,8.7,135.0,59.1,0.130,13.86,1.80
23-Oct-2020 16:20:00,25.9,912.8,41.9,0.0,13.5,157.5,59.6,0.131,13.83,1.82
23-Oct-2020 16:30:00,24.9,912.7,43.3,0.0,16.1,90.0,59.1,0.129,13.82,1.78
23-Oct-2020 16:40:00,26.4,912.7,43.1,0.0,10.9,135.0,59.1,0.130,13.84,1.80
23-Oct-2020 16:50:00,26.1,912.7,39.5,0.0,18.9,135.0,59.6,0.130,13.83,1.79
23-Oct-2020 17:00:00,25.2,912.7,43.1,0.0,18.1,135.0,59.1,0.131,13.84,1.82
23-Oct-2020 17:10:00,23.9,912.8,44.9,0.0,9.8,135.0,58.0,0.129,13.88,1.79
23-Oct-2020 17:20:00,23.6,912.7,48.1,0.0,7.1,90.0,55.8,0.128,13.86,1.77
23-Oct-2020 17:30:00,23.5,912.6,43.7,0.0,9.7,135.0,55.3,0.128,13.88,1.77
23-Oct-2020 17:40:00,23.9,912.7,44.4,0.0,11.8,180.0,55.8,0.149,13.88,2.06
23-Oct-2020 17:50:00,23.6,912.7,46.1,0.0,10.3,135.0,55.8,0.129,13.89,1.79
23-Oct-2020 18:00:00,23.1,912.6,45.9,0.0,11.8,135.0,54.8,0.131,13.90,1.83
23-Oct-2020 18:10:00,22.7,912.7,48.8,0.0,8.3,135.0,54.2,0.129,13.90,1.79
23-Oct-2020 18:20:00,22.2,912.8,47.7,0.0,2.8,180.0,52.6,0.141,13.69,1.93
23-Oct-2020 18:30:00,21.9,912.9,50.1,0.0,6.4,135.0,52.1,0.131,13.57,1.78
23-Oct-2020 18:40:00,21.4,913.0,53.4,0.0,4.9,180.0,51.5,0.133,13.45,1.78
23-Oct-2020 18:50:00,21.1,913.0,54.0,0.0,4.5,90.0,51.5,0.135,13.31,1.79
23-Oct-2020 19:00:00,20.8,912.9,54.1,0.0,1.6,180.0,50.5,0.135,13.19,1.78
23-Oct-2020 19:10:00,20.4,912.9,55.9,0.0,1.8,90.0,50.5,0.135,13.10,1.77
23-Oct-2020 19:20:00,20.3,913.0,56.6,0.0,3.0,135.0,49.9,0.136,13.06,1.78
23-Oct-2020 19:30:00,20.5,913.1,55.7,0.0,7.1,90.0,49.9,0.136,13.04,1.78
23-Oct-2020 19:40:00,19.5,913.3,62.6,0.0,4.7,135.0,49.4,0.156,13.03,2.04
23-Oct-2020 19:50:00,17.3,913.3,79.3,0.3,9.1,45.0,47.2,0.138,13.03,1.79
23-Oct-2020 20:00:00,16.1,913.0,91.3,0.6,6.3,45.0,46.2,0.138,13.02,1.79
23-Oct-2020 20:10:00,15.6,912.9,91.7,0.0,4.6,315.0,45.6,0.338,12.91,4.35
23-Oct-2020 20:20:00,15.5,912.9,91.8,0.0,2.5,45.0,45.1,0.336,12.92,4.34
23-Oct-2020 20:30:00,15.6,912.7,89.6,0.0,3.7,0.0,45.1,0.339,12.91,4.38
23-Oct-2020 20:40:00,15.9,912.7,87.9,0.0,4.0,315.0,45.1,0.338,12.90,4.35
23-Oct-2020 20:50:00,16.2,912.7,84.0,0.0,2.4,315.0,46.2,0.338,12.90,4.35
23-Oct-2020 21:00:00,16.6,912.4,80.0,0.0,4.3,315.0,45.1,0.338,12.90,4.35
23-Oct-2020 21:10:00,16.5,912.5,81.7,0.0,5.0,315.0,45.6,0.362,12.88,4.67
23-Oct-2020 21:20:00,17.0,912.5,79.5,0.0,6.8,315.0,46.2,0.336,12.89,4.34
23-Oct-2020 21:30:00,17.5,912.6,75.6,0.0,9.4,315.0,46.7,0.340,12.89,4.39
23-Oct-2020 21:40:00,17.2,912.6,78.8,0.0,13.0,315.0,46.7,0.338,12.88,4.35
23-Oct-2020 21:50:00,17.2,912.7,78.6,0.0,9.2,270.0,47.2,0.341,12.88,4.39
23-Oct-2020 22:00:00,17.5,912.6,75.8,0.0,9.1,292.5,47.2,0.357,12.87,4.60
23-Oct-2020 22:10:00,17.4,912.7,74.3,0.0,4.6,270.0,46.7,0.339,12.88,4.36
23-Oct-2020 22:20:00,17.2,912.5,76.5,0.0,9.3,337.5,46.2,0.340,12.88,4.38
23-Oct-2020 22:30:00,17.4,912.4,74.2,0.0,1.2,225.0,47.2,0.339,12.87,4.36
23-Oct-2020 22:40:00,17.2,912.6,75.5,0.0,2.6,225.0,46.2,0.338,12.87,4.34
23-Oct-2020 22:50:00,16.6,912.7,79.3,0.0,3.1,270.0,46.2,0.356,12.85,4.58
23-Oct-2020 23:00:00,16.3,912.7,84.4,0.0,3.3,22.5,46.2,0.340,12.85,4.36
23-Oct-2020 23:10:00,15.9,912.8,82.3,0.3,4.0,180.0,46.2,0.360,12.85,4.62
23-Oct-2020 23:20:00,16.0,913.0,83.5,0.3,4.4,90.0,45.6,0.339,12.85,4.35
23-Oct-2020 23:30:00,15.6,913.2,88.3,0.3,6.9,90.0,45.6,0.338,12.85,4.34
23-Oct-2020 23:40:00,15.2,913.3,93.6,0.6,23.5,135.0,45.1,0.341,12.85,4.39
23-Oct-2020 23:50:00,15.0,913.2,97.7,0.6,7.1,90.0,45.1,0.340,12.84,4.36
24-Oct-2020 00:00:00,14.9,913.4,100.0,0.3,7.6,135.0,45.1,0.359,12.83,4.61
24-Oct-2020 00:10:00,14.9,913.4,100.0,0.3,8.7,90.0,45.1,0.341,12.84,4.38
24-Oct-2020 00:20:00,14.8,913.5,100.0,0.0,11.0,90.0,45.6,0.357,12.81,4.58
24-Oct-2020 00:30:00,14.8,913.5,100.0,0.0,5.2,135.0,44.5,0.341,12.82,4.38
24-Oct-2020 00:40:00,14.7,913.5,100.0,0.0,2.1,135.0,45.1,0.340,12.81,4.35
24-Oct-2020 00:50:00,14.6,913.4,100.0,0.3,2.3,90.0,45.1,0.359,12.81,4.60
24-Oct-2020 01:00:00,14.6,913.6,100.0,0.3,8.8,90.0,45.1,0.339,12.81,4.34
24-Oct-2020 01:10:00,14.5,913.9,100.0,0.3,21.8,135.0,45.1,0.339,12.80,4.34
24-Oct-2020 01:20:00,14.4,913.3,100.0,0.6,4.1,135.0,45.1,0.341,12.80,4.36
24-Oct-2020 01:30:00,14.3,912.3,100.0,0.3,4.6,247.5,44.5,0.343,12.80,4.38
24-Oct-2020 01:40:00,14.1,911.9,100.0,0.3,3.9,0.0,44.5,0.340,12.79,4.35
24-Oct-2020 01:50:00,13.9,911.7,100.0,0.0,4.2,225.0,45.1,0.343,12.79,4.36
24-Oct-2020 02:00:00,14.0,911.7,100.0,0.0,7.6,225.0,45.1,0.343,12.78,4.38
24-Oct-2020 02:10:00,14.2,911.9,100.0,0.0,7.0,157.5,45.1,0.361,12.77,4.61
24-Oct-2020 02:20:00,14.1,911.7,100.0,0.0,5.0,157.5,45.1,0.361,12.77,4.61
24-Oct-2020 02:30:00,14.1,911.2,100.0,0.0,3.8,180.0,45.1,0.341,12.77,4.38
24-Oct-2020 02:40:00,14.0,911.1,100.0,0.0,7.8,135.0,44.0,0.341,12.76,4.35
24-Oct-2020 02:50:00,14.0,911.0,100.0,0.0,7.6,180.0,44.0,0.360,12.75,4.60
24-Oct-2020 03:00:00,14.0,911.0,100.0,0.0,5.0,157.5,44.5,0.330,12.76,4.21
24-Oct-2020 03:10:00,13.9,910.8,100.0,0.0,10.9,157.5,45.1,0.189,12.83,2.42
24-Oct-2020 03:20:00,13.9,910.8,100.0,0.0,6.3,135.0,43.5,0.211,12.82,2.71
24-Oct-2020 03:30:00,14.0,910.7,100.0,0.0,8.4,135.0,44.0,0.186,12.82,2.39
24-Oct-2020 03:40:00,14.2,910.7,100.0,0.0,12.5,135.0,45.1,0.203,12.81,2.60
24-Oct-2020 03:50:00,14.3,910.6,100.0,0.0,9.9,112.5,43.5,0.210,12.78,2.69
24-Oct-2020 04:00:00,14.1,910.5,100.0,0.0,11.0,90.0,43.5,0.229,12.79,2.93
24-Oct-2020 04:10:00,14.1,910.5,100.0,0.0,9.4,90.0,44.5,0.210,12.80,2.69
24-Oct-2020 04:20:00,14.1,910.4,100.0,0.0,8.5,157.5,44.0,0.190,12.80,2.43
24-Oct-2020 04:30:00,14.1,910.3,100.0,0.0,7.5,135.0,44.5,0.219,12.79,2.80
24-Oct-2020 04:40:00,14.1,910.2,100.0,0.0,7.0,135.0,44.0,0.190,12.79,2.43
24-Oct-2020 04:50:00,14.2,910.1,100.0,0.0,3.5,135.0,44.0,0.190,12.80,2.43
24-Oct-2020 05:00:00,14.1,910.0,100.0,0.0,7.4,135.0,44.0,0.193,12.80,2.46
24-Oct-2020 05:10:00,14.1,909.9,100.0,0.0,6.1,45.0,44.5,0.225,12.78,2.88
24-Oct-2020 05:20:00,14.1,909.9,100.0,0.0,4.5,135.0,44.5,0.209,12.78,2.66
24-Oct-2020 05:30:00,13.9,909.8,100.0,0.0,5.1,135.0,43.5,0.198,12.79,2.52
24-Oct-2020 05:40:00,13.8,909.7,100.0,0.0,3.9,90.0,44.0,0.189,12.79,2.42
24-Oct-2020 05:50:00,13.8,909.8,100.0,0.0,7.3,90.0,43.5,0.190,12.79,2.43
24-Oct-2020 06:00:00,13.9,909.8,100.0,0.0,10.9,90.0,43.5,0.216,12.78,2.76
24-Oct-2020 06:10:00,14.0,909.8,100.0,0.0,6.7,90.0,44.0,0.193,12.78,2.46
24-Oct-2020 06:20:00,14.1,910.0,100.0,0.0,6.6,90.0,44.0,0.190,12.79,2.43
24-Oct-2020 06:30:00,14.4,910.1,99.3,0.0,7.3,135.0,44.5,0.233,12.77,2.97
24-Oct-2020 06:40:00,14.6,910.3,98.6,0.0,8.0,135.0,44.0,0.188,12.80,2.41
24-Oct-2020 06:50:00,14.4,910.4,100.0,0.0,6.1,90.0,44.5,0.189,12.80,2.42
24-Oct-2020 07:00:00,14.6,910.3,100.0,0.0,5.5,90.0,44.5,0.190,12.82,2.43
24-Oct-2020 07:10:00,14.9,910.3,97.5,0.0,6.9,90.0,45.1,0.221,12.84,2.84
24-Oct-2020 07:20:00,15.2,910.4,95.5,0.0,8.0,45.0,45.1,0.188,12.94,2.43
24-Oct-2020 07:30:00,15.4,910.4,94.2,0.0,9.7,135.0,45.6,0.186,12.98,2.42
24-Oct-2020 07:40:00,15.7,910.5,94.0,0.0,8.8,135.0,46.2,0.185,13.10,2.42
24-Oct-2020 07:50:00,16.6,910.5,93.4,0.0,5.5,112.5,47.2,0.190,13.40,2.55
24-Oct-2020 08:00:00,16.6,910.4,92.0,0.0,6.0,180.0,47.2,0.182,13.49,2.46
24-Oct-2020 08:10:00,16.7,910.5,90.4,0.0,6.9,135.0,47.8,0.133,13.59,1.80
24-Oct-2020 08:20:00,16.8,910.6,91.4,0.0,10.2,135.0,47.8,0.130,13.60,1.77
24-Oct-2020 08:30:00,17.4,910.6,89.6,0.0,9.9,135.0,48.3,0.134,13.79,1.84
24-Oct-2020 08:40:00,17.9,910.4,85.0,0.0,13.9,135.0,49.4,0.128,14.02,1.79
24-Oct-2020 08:50:00,18.2,910.4,85.9,0.0,13.6,135.0,50.5,0.146,13.97,2.05
24-Oct-2020 09:00:00,19.2,910.3,81.3,0.0,12.6,135.0,50.5,0.138,14.68,2.02
24-Oct-2020 09:10:00,17.5,910.2,89.3,0.0,18.5,157.5,49.9,0.128,13.88,1.77
24-Oct-2020 09:20:00,18.8,910.0,82.9,0.0,13.0,135.0,51.0,0.128,14.33,1.83
24-Oct-2020 09:30:00,17.6,910.0,87.8,0.0,14.5,135.0,50.5,0.128,13.78,1.75
24-Oct-2020 09:40:00,18.7,910.0,86.5,0.0,10.4,135.0,50.5,0.130,13.82,1.79
24-Oct-2020 09:50:00,17.4,910.0,91.9,0.0,11.1,112.5,49.4,0.133,13.76,1.82
24-Oct-2020 10:00:00,16.6,909.9,94.1,0.0,10.2,135.0,48.3,0.151,13.47,2.04
24-Oct-2020 10:10:00,16.2,910.0,99.1,0.3,16.2,135.0,47.2,0.147,13.33,1.97
24-Oct-2020 10:20:00,15.3,910.5,100.0,1.4,13.6,90.0,46.2,0.135,13.24,1.79
24-Oct-2020 10:30:00,14.8,910.4,100.0,0.3,15.9,135.0,45.1,0.136,13.25,1.80
24-Oct-2020 10:40:00,14.6,910.5,100.0,0.3,10.3,90.0,45.1,0.133,13.22,1.75
24-Oct-2020 10:50:00,14.8,910.4,100.0,0.0,18.8,90.0,45.1,0.152,13.25,2.02
24-Oct-2020 11:00:00,15.1,910.3,100.0,0.3,18.8,135.0,45.1,0.135,13.29,1.79
24-Oct-2020 11:10:00,15.5,910.2,100.0,0.3,12.8,135.0,46.2,0.133,13.52,1.79
24-Oct-2020 11:20:00,15.7,910.1,99.5,0.3,15.0,135.0,47.2,0.130,13.63,1.77
24-Oct-2020 11:30:00,15.9,910.0,100.0,0.0,13.3,135.0,46.7,0.130,13.76,1.79
24-Oct-2020 11:40:00,15.4,910.0,100.0,0.3,11.1,90.0,46.2,0.133,13.57,1.79
24-Oct-2020 11:50:00,15.6,909.8,100.0,0.3,14.1,90.0,46.7,0.129,13.77,1.78
24-Oct-2020 12:00:00,15.7,909.5,100.0,0.6,30.0,90.0,47.2,0.130,13.90,1.80
24-Oct-2020 12:10:00,16.1,909.9,97.2,0.0,15.7,90.0,47.8,0.129,13.98,1.80
24-Oct-2020 12:20:00,16.2,909.7,96.1,0.0,14.0,45.0,47.2,0.125,14.15,1.77
24-Oct-2020 12:30:00,16.3,909.6,95.8,0.0,17.4,90.0,47.8,0.124,14.31,1.77
24-Oct-2020 12:40:00,16.8,909.5,94.0,0.0,15.0,90.0,48.3,0.122,14.44,1.77
24-Oct-2020 12:50:00,16.7,909.5,95.1,0.0,11.4,90.0,47.8,0.125,14.31,1.79
24-Oct-2020 13:00:00,17.0,909.4,93.1,0.0,9.3,90.0,47.8,0.130,13.90,1.80
24-Oct-2020 13:10:00,16.7,909.2,94.8,0.0,11.2,90.0,48.3,0.126,13.94,1.75
24-Oct-2020 13:20:00,16.4,909.2,98.0,0.6,10.0,135.0,47.2,0.150,13.91,2.09
24-Oct-2020 13:30:00,17.4,908.9,92.2,0.6,9.8,90.0,49.4,0.131,13.88,1.82
24-Oct-2020 13:40:00,18.7,908.6,88.2,0.0,16.2,135.0,51.5,0.150,13.86,2.07
24-Oct-2020 13:50:00,20.2,908.4,80.0,0.0,16.2,135.0,53.7,0.131,13.85,1.82
24-Oct-2020 14:00:00,17.9,908.5,89.9,0.0,15.8,135.0,51.0,0.129,13.86,1.78
24-Oct-2020 14:10:00,18.1,908.4,90.4,0.0,12.2,112.5,49.9,0.128,13.86,1.77
24-Oct-2020 14:20:00,17.3,908.5,91.2,0.0,15.4,90.0,49.9,0.130,13.94,1.82
24-Oct-2020 14:30:00,16.9,908.4,93.9,0.0,11.0,90.0,48.3,0.128,13.82,1.77
24-Oct-2020 14:40:00,16.4,908.4,97.1,0.0,10.2,135.0,47.8,0.133,13.69,1.82
24-Oct-2020 14:50:00,16.6,908.1,93.5,0.0,26.1,135.0,47.2,0.126,13.92,1.75
24-Oct-2020 15:00:00,17.4,908.1,92.0,0.0,18.3,135.0,49.4,0.126,13.89,1.75
24-Oct-2020 15:10:00,16.7,908.0,95.4,0.0,13.3,135.0,47.8,0.128,13.91,1.78
24-Oct-2020 15:20:00,16.6,907.9,96.3,0.0,11.8,135.0,47.8,0.128,13.94,1.78
24-Oct-2020 15:30:00,16.6,908.1,96.8,0.0,8.8,90.0,47.2,0.144,13.94,2.00
24-Oct-2020 15:40:00,16.1,908.0,99.1,0.0,10.0,90.0,47.2,0.139,13.81,1.92
24-Oct-2020 15:50:00,15.6,907.6,100.0,0.0,2.7,135.0,46.2,0.130,13.63,1.77
24-Oct-2020 16:00:00,15.6,907.8,98.2,0.0,3.6,90.0,46.2,0.129,13.60,1.75
24-Oct-2020 16:10:00,15.9,907.8,93.3,0.0,5.3,45.0,46.2,0.124,14.52,1.79
24-Oct-2020 16:20:00,16.1,907.9,93.8,0.0,4.4,90.0,47.2,0.134,14.46,1.93
24-Oct-2020 16:30:00,16.7,907.8,90.5,0.0,0.7,180.0,47.2,0.124,14.47,1.79
24-Oct-2020 16:40:00,17.0,907.6,89.4,0.0,5.8,135.0,48.3,0.124,14.45,1.79
24-Oct-2020 16:50:00,16.3,907.8,93.8,0.0,6.5,135.0,47.2,0.122,14.51,1.78
24-Oct-2020 17:00:00,16.7,907.7,93.6,0.0,3.1,270.0,47.2,0.124,14.46,1.79
24-Oct-2020 17:10:00,18.1,907.7,85.2,0.0,0.0,225.0,47.8,0.129,13.92,1.79
24-Oct-2020 17:20:00,18.2,907.7,89.6,0.0,2.6,180.0,48.3,0.129,13.92,1.79
24-Oct-2020 17:30:00,17.2,907.8,92.2,0.0,2.8,180.0,48.3,0.128,13.93,1.78
24-Oct-2020 17:40:00,16.8,907.9,94.5,0.0,1.7,180.0,47.2,0.129,13.86,1.78
24-Oct-2020 17:50:00,16.6,908.0,95.0,0.0,5.2,157.5,47.8,0.128,13.97,1.78
24-Oct-2020 18:00:00,16.7,907.9,92.2,0.0,2.3,135.0,47.8,0.128,13.95,1.78
24-Oct-2020 18:10:00,16.8,908.0,91.6,0.0,1.3,180.0,47.8,0.128,13.97,1.78
24-Oct-2020 18:20:00,16.6,907.8,92.9,0.0,4.3,135.0,48.3,0.129,13.95,1.79
24-Oct-2020 18:30:00,16.1,908.1,96.0,0.0,6.1,135.0,47.8,0.128,13.91,1.78
24-Oct-2020 18:40:00,15.7,908.1,96.5,0.0,4.4,180.0,46.7,0.129,13.76,1.77
24-Oct-2020 18:50:00,15.3,908.1,97.8,0.0,4.0,180.0,46.2,0.131,13.58,1.78
24-Oct-2020 19:00:00,14.9,908.4,99.4,0.0,3.9,90.0,45.1,0.134,13.42,1.79
24-Oct-2020 19:10:00,14.7,908.6,100.0,0.0,5.0,135.0,45.1,0.134,13.25,1.77
24-Oct-2020 19:20:00,14.6,908.7,100.0,0.0,4.0,90.0,45.1,0.135,13.12,1.77
24-Oct-2020 19:30:00,14.6,908.8,100.0,0.0,3.7,90.0,45.1,0.136,13.05,1.78
24-Oct-2020 19:40:00,14.7,908.8,100.0,0.0,1.2,180.0,45.1,0.136,13.03,1.78
24-Oct-2020 19:50:00,14.7,909.3,100.0,0.0,8.0,90.0,45.1,0.138,13.02,1.79
24-Oct-2020 20:00:00,12.3,909.6,95.5,2.0,6.8,135.0,43.5,0.136,13.01,1.78
24-Oct-2020 20:10:00,11.8,909.5,100.0,1.7,4.7,45.0,42.9,0.357,12.88,4.61
24-Oct-2020 20:20:00,11.8,909.6,100.0,0.6,2.8,315.0,41.9,0.339,12.88,4.36
24-Oct-2020 20:30:00,11.8,909.5,100.0,0.6,3.5,247.5,41.9,0.359,12.88,4.62
24-Oct-2020 20:40:00,11.9,909.1,100.0,0.3,4.5,315.0,42.4,0.339,12.88,4.36
24-Oct-2020 20:50:00,12.0,909.3,100.0,0.0,5.3,225.0,42.9,0.375,12.83,4.81
24-Oct-2020 21:00:00,12.1,909.4,100.0,0.0,5.9,315.0,42.9,0.345,12.88,4.44
24-Oct-2020 21:10:00,12.0,909.7,100.0,0.3,2.8,0.0,41.9,0.338,12.88,4.34
24-Oct-2020 21:20:00,11.9,910.0,100.0,0.0,3.9,135.0,42.9,0.339,12.87,4.36
24-Oct-2020 21:30:00,11.8,910.2,100.0,0.0,2.8,135.0,42.9,0.339,12.87,4.36
24-Oct-2020 21:40:00,11.7,910.6,100.0,0.0,3.6,135.0,42.9,0.359,12.86,4.62
24-Oct-2020 21:50:00,11.8,910.5,100.0,0.0,3.2,180.0,42.9,0.339,12.86,4.35
24-Oct-2020 22:00:00,11.8,910.5,100.0,0.0,2.3,180.0,42.9,0.340,12.86,4.36
24-Oct-2020 22:10:00,11.8,910.6,100.0,0.0,5.3,135.0,42.9,0.339,12.86,4.35
24-Oct-2020 22:20:00,11.8,910.6,100.0,0.0,4.1,135.0,42.9,0.338,12.85,4.34
24-Oct-2020 22:30:00,11.7,910.5,100.0,0.0,2.8,135.0,42.9,0.339,12.85,4.35
24-Oct-2020 22:40:00,11.7,910.5,100.0,0.0,4.1,135.0,42.9,0.339,12.85,4.35
24-Oct-2020 22:50:00,11.8,910.5,100.0,0.0,4.1,90.0,42.4,0.339,12.85,4.35
24-Oct-2020 23:00:00,11.7,910.5,100.0,0.0,4.7,67.5,42.4,0.339,12.84,4.35
24-Oct-2020 23:10:00,11.7,910.5,100.0,0.0,2.8,135.0,42.9,0.339,12.84,4.35
24-Oct-2020 23:20:00,11.7,910.6,100.0,0.0,4.8,135.0,42.9,0.344,12.83,4.42
24-Oct-2020 23:30:00,11.7,910.5,100.0,0.0,6.3,135.0,41.9,0.359,12.82,4.60
24-Oct-2020 23:40:00,11.7,910.6,100.0,0.0,2.9,135.0,42.9,0.339,12.83,4.35
24-Oct-2020 23:50:00,11.7,910.7,100.0,0.0,3.6,135.0,42.9,0.339,12.83,4.34
25-Oct-2020 00:00:00,11.7,910.6,100.0,0.0,4.0,90.0,42.9,0.340,12.82,4.36
25-Oct-2020 00:10:00,11.7,910.5,100.0,0.0,6.1,135.0,42.9,0.339,12.82,4.34
25-Oct-2020 00:20:00,11.8,910.6,100.0,0.0,2.7,135.0,42.4,0.360,12.80,4.61
25-Oct-2020 00:30:00,11.8,910.7,100.0,0.0,4.1,135.0,42.9,0.340,12.80,4.35
25-Oct-2020 00:40:00,11.9,910.8,100.0,0.0,2.3,135.0,42.9,0.340,12.80,4.35
25-Oct-2020 00:50:00,11.8,910.8,100.0,0.0,1.4,135.0,42.9,0.339,12.79,4.34
25-Oct-2020 01:00:00,11.9,910.9,100.0,0.0,0.0,180.0,42.9,0.340,12.79,4.35
25-Oct-2020 01:10:00,12.0,910.9,100.0,0.0,0.0,225.0,43.5,0.340,12.79,4.35
25-Oct-2020 01:20:00,12.0,910.9,100.0,0.0,1.2,225.0,42.9,0.345,12.78,4.40
25-Oct-2020 01:30:00,12.1,910.9,100.0,0.0,1.8,225.0,43.5,0.341,12.77,4.35
25-Oct-2020 01:40:00,12.0,910.7,100.0,0.0,1.7,225.0,43.5,0.362,12.76,4.62
25-Oct-2020 01:50:00,12.1,910.8,100.0,0.0,1.2,225.0,43.5,0.340,12.76,4.34
25-Oct-2020 02:00:00,12.1,910.8,100.0,0.0,0.0,225.0,42.9,0.360,12.74,4.58
25-Oct-2020 02:10:00,12.2,910.7,100.0,0.0,1.1,270.0,42.9,0.339,12.74,4.31
25-Oct-2020 02:20:00,12.2,910.6,100.0,0.0,3.2,270.0,43.5,0.339,12.74,4.31
25-Oct-2020 02:30:00,12.2,910.5,100.0,0.0,2.6,270.0,42.9,0.330,12.73,4.20
25-Oct-2020 02:40:00,12.2,910.5,100.0,0.0,2.0,225.0,42.4,0.224,12.79,2.87
25-Oct-2020 02:50:00,12.2,910.5,100.0,0.0,1.3,225.0,43.5,0.190,12.75,2.43
25-Oct-2020 03:00:00,12.3,910.6,100.0,0.0,3.0,315.0,42.9,0.188,12.79,2.39
25-Oct-2020 03:10:00,12.3,910.5,100.0,0.0,1.8,270.0,42.9,0.190,12.78,2.43
25-Oct-2020 03:20:00,12.3,910.5,100.0,0.0,3.0,225.0,43.5,0.190,12.78,2.43
25-Oct-2020 03:30:00,11.0,910.5,100.0,0.0,16.4,270.0,42.9,0.189,12.77,2.41
25-Oct-2020 03:40:00,10.5,910.7,100.0,0.0,10.1,270.0,41.9,0.215,12.77,2.74
25-Oct-2020 03:50:00,10.3,910.8,100.0,0.0,12.7,270.0,40.8,0.188,12.77,2.39
25-Oct-2020 04:00:00,10.1,910.9,100.0,0.0,11.0,315.0,41.3,0.189,12.76,2.41
25-Oct-2020 04:10:00,9.9,910.8,100.0,0.0,11.6,315.0,41.3,0.188,12.76,2.39
25-Oct-2020 04:20:00,9.8,911.0,100.0,0.0,11.3,270.0,40.8,0.221,12.75,2.82
25-Oct-2020 04:30:00,9.7,911.2,100.0,0.0,6.7,270.0,40.8,0.210,12.75,2.68
25-Oct-2020 04:40:00,9.7,911.3,100.0,0.3,7.0,315.0,40.8,0.212,12.74,2.71
25-Oct-2020 04:50:00,9.6,911.4,100.0,0.0,11.2,315.0,40.8,0.220,12.74,2.80
25-Oct-2020 05:00:00,9.6,911.5,100.0,0.3,7.8,315.0,40.8,0.190,12.75,2.42
25-Oct-2020 05:10:00,9.6,911.7,100.0,0.0,6.2,315.0,40.2,0.188,12.75,2.39
25-Oct-2020 05:20:00,9.5,911.9,100.0,0.0,20.2,270.0,40.8,0.190,12.74,2.42
25-Oct-2020 05:30:00,9.5,911.9,100.0,0.3,9.5,270.0,40.2,0.190,12.74,2.42
25-Oct-2020 05:40:00,9.5,912.1,100.0,0.3,11.7,315.0,40.8,0.189,12.74,2.41
25-Oct-2020 05:50:00,9.4,912.3,100.0,0.0,9.0,270.0,39.7,0.201,12.74,2.56
25-Oct-2020 06:00:00,9.4,912.4,100.0,0.0,11.0,270.0,40.2,0.230,12.72,2.93
25-Oct-2020 06:10:00,9.4,912.5,100.0,0.0,8.6,270.0,40.2,0.190,12.74,2.42
25-Oct-2020 06:20:00,9.3,912.7,100.0,0.0,10.6,315.0,40.2,0.221,12.73,2.82
25-Oct-2020 06:30:00,9.2,912.7,100.0,0.0,16.2,270.0,40.2,0.189,12.74,2.41
25-Oct-2020 06:40:00,9.2,913.0,100.0,0.0,6.6,270.0,40.2,0.190,12.74,2.42
25-Oct-2020 06:50:00,9.2,913.1,100.0,0.0,10.5,315.0,39.7,0.364,12.74,4.63
25-Oct-2020 07:00:00,9.2,913.1,100.0,0.0,15.0,270.0,39.7,0.211,12.80,2.70
25-Oct-2020 07:10:00,9.2,913.3,100.0,0.0,17.9,270.0,40.8,0.190,12.84,2.44
25-Oct-2020 07:20:00,9.0,913.5,100.0,0.0,17.9,270.0,40.8,0.188,12.85,2.41
25-Oct-2020 07:30:00,8.9,913.7,100.0,0.0,18.9,270.0,40.2,0.188,12.83,2.41
25-Oct-2020 07:40:00,8.9,913.9,100.0,0.0,17.6,292.5,40.2,0.186,12.86,2.39
25-Oct-2020 07:50:00,9.2,914.1,100.0,0.0,11.8,315.0,39.7,0.185,12.95,2.39
25-Oct-2020 08:00:00,9.1,914.2,100.0,0.0,12.6,270.0,40.2,0.186,12.96,2.42
25-Oct-2020 08:10:00,9.2,914.3,100.0,0.0,13.8,270.0,40.8,0.135,13.09,1.77
25-Oct-2020 08:20:00,9.4,914.6,100.0,0.0,9.2,270.0,40.8,0.151,13.16,1.98
25-Oct-2020 08:30:00,9.4,914.6,100.0,0.0,23.1,270.0,40.8,0.133,13.31,1.77
25-Oct-2020 08:40:00,9.5,914.7,100.0,0.0,16.3,315.0,41.3,0.139,13.48,1.87
25-Oct-2020 08:50:00,9.4,914.8,100.0,0.0,18.2,270.0,41.3,0.131,13.55,1.78
25-Oct-2020 09:00:00,9.3,914.8,98.5,0.0,20.3,270.0,40.8,0.129,13.64,1.75
25-Oct-2020 09:10:00,9.6,914.9,97.9,0.0,13.1,315.0,41.9,0.130,13.63,1.77
25-Oct-2020 09:20:00,9.3,915.2,98.9,0.0,13.2,270.0,41.3,0.130,13.57,1.77
25-Oct-2020 09:30:00,9.5,915.4,100.0,0.0,18.2,315.0,41.3,0.151,13.55,2.05
25-Oct-2020 09:40:00,9.1,915.2,98.7,0.0,24.0,315.0,40.8,0.131,13.58,1.78
25-Oct-2020 09:50:00,9.1,915.6,97.1,0.0,14.7,270.0,40.8,0.130,13.64,1.78
25-Oct-2020 10:00:00,9.4,915.4,97.4,0.0,31.6,315.0,40.8,0.129,13.70,1.77
25-Oct-2020 10:10:00,9.6,915.7,95.6,0.0,21.2,270.0,41.9,0.131,13.89,1.82
25-Oct-2020 10:20:00,9.9,915.6,93.1,0.0,23.3,270.0,41.9,0.129,14.02,1.80
25-Oct-2020 10:30:00,10.8,915.6,93.1,0.0,20.0,270.0,43.5,0.122,14.41,1.77
25-Oct-2020 10:40:00,11.2,915.6,87.8,0.0,15.1,292.5,45.1,0.125,14.38,1.79
25-Oct-2020 10:50:00,10.2,915.9,91.3,0.0,22.4,270.0,43.5,0.126,14.13,1.78
25-Oct-2020 11:00:00,10.2,915.7,90.2,0.0,25.0,270.0,42.9,0.142,14.22,2.02
25-Oct-2020 11:10:00,10.0,915.9,92.3,0.0,21.6,270.0,44.0,0.146,13.92,2.04
25-Oct-2020 11:20:00,10.9,915.8,87.6,0.0,19.7,270.0,44.5,0.129,13.91,1.79
25-Oct-2020 11:30:00,11.0,915.9,88.5,0.0,28.6,315.0,45.1,0.128,13.89,1.77
25-Oct-2020 11:40:00,11.3,915.9,86.8,0.0,18.2,270.0,45.1,0.129,13.91,1.79
25-Oct-2020 11:50:00,10.6,916.0,89.9,0.0,23.1,270.0,45.1,0.145,13.89,2.01
25-Oct-2020 12:00:00,10.4,915.9,87.0,0.0,24.5,337.5,44.0,0.129,13.92,1.79
25-Oct-2020 12:10:00,12.0,915.9,83.9,0.0,24.7,270.0,46.2,0.129,13.91,1.79
25-Oct-2020 12:20:00,11.2,916.0,85.6,0.0,30.0,270.0,46.2,0.129,13.92,1.79
25-Oct-2020 12:30:00,10.7,915.8,86.1,0.0,25.3,292.5,46.2,0.128,13.90,1.77
25-Oct-2020 12:40:00,10.0,915.7,87.9,0.0,25.3,270.0,45.1,0.128,13.92,1.78
25-Oct-2020 12:50:00,10.1,915.8,89.0,0.0,26.4,270.0,43.5,0.130,13.93,1.80
25-Oct-2020 13:00:00,10.0,915.9,90.5,0.0,19.1,270.0,43.5,0.124,13.94,1.73
25-Oct-2020 13:10:00,10.3,915.8,87.3,0.0,24.0,270.0,44.0,0.128,13.91,1.78
25-Oct-2020 13:20:00,9.6,916.0,89.6,0.0,25.3,315.0,42.9,0.126,13.93,1.75
25-Oct-2020 13:30:00,9.1,916.2,94.2,0.0,15.1,270.0,41.9,0.125,13.93,1.74
25-Oct-2020 13:40:00,9.6,916.5,94.7,0.0,13.4,270.0,41.9,0.129,13.94,1.79
25-Oct-2020 13:50:00,9.4,916.8,96.2,0.0,18.2,270.0,40.8,0.146,13.96,2.04
25-Oct-2020 14:00:00,8.6,916.8,99.6,0.3,19.1,270.0,40.8,0.126,14.01,1.77
25-Oct-2020 14:10:00,8.2,916.5,99.8,0.3,27.0,292.5,40.2,0.145,13.96,2.02
25-Oct-2020 14:20:00,8.2,916.5,100.0,0.6,24.2,270.0,39.7,0.128,14.01,1.79
25-Oct-2020 14:30:00,8.5,916.4,98.4,0.8,21.2,270.0,40.8,0.145,13.96,2.02
25-Oct-2020 14:40:00,9.2,916.4,97.6,0.6,16.8,270.0,40.8,0.129,13.95,1.79
25-Oct-2020 14:50:00,9.6,916.5,93.5,0.3,17.3,270.0,42.4,0.149,13.96,2.07
25-Oct-2020 15:00:00,10.0,916.5,93.1,0.0,22.0,270.0,42.9,0.125,13.93,1.74
25-Oct-2020 15:10:00,10.1,916.7,93.4,0.0,17.0,315.0,42.9,0.125,13.94,1.74
25-Oct-2020 15:20:00,9.4,916.4,96.8,0.0,19.1,270.0,42.4,0.145,13.94,2.02
25-Oct-2020 15:30:00,9.5,916.4,94.5,0.0,26.7,270.0,41.9,0.128,13.95,1.78
25-Oct-2020 15:40:00,9.7,916.5,97.1,0.0,16.6,270.0,41.9,0.129,13.94,1.79
25-Oct-2020 15:50:00,9.7,916.5,97.6,0.0,13.9,315.0,41.3,0.128,13.95,1.78
25-Oct-2020 16:00:00,9.6,916.5,95.2,0.0,17.3,292.5,41.9,0.126,13.95,1.77
25-Oct-2020 16:10:00,9.2,916.5,94.7,0.0,23.8,315.0,41.9,0.126,13.96,1.77
25-Oct-2020 16:20:00,8.9,916.4,95.8,0.0,26.7,315.0,40.8,0.128,13.98,1.78
25-Oct-2020 16:30:00,8.9,916.7,95.4,0.0,23.1,270.0,41.3,0.126,13.98,1.77
25-Oct-2020 16:40:00,8.4,917.0,98.4,0.0,21.4,315.0,40.2,0.128,13.85,1.77
25-Oct-2020 16:50:00,8.2,917.1,99.4,0.0,16.2,270.0,39.7,0.146,13.70,2.01
25-Oct-2020 17:00:00,8.0,917.0,100.0,0.0,20.5,315.0,39.7,0.130,13.52,1.75
25-Oct-2020 17:10:00,7.9,917.2,100.0,0.0,18.9,315.0,38.6,0.134,13.38,1.79
25-Oct-2020 17:20:00,7.8,917.5,100.0,0.0,15.0,315.0,39.2,0.133,13.27,1.75
25-Oct-2020 17:30:00,7.8,917.6,100.0,0.3,14.6,315.0,39.2,0.134,13.19,1.77
25-Oct-2020 17:40:00,7.7,917.7,100.0,0.6,21.6,270.0,38.6,0.155,13.12,2.04
25-Oct-2020 17:50:00,7.6,917.9,100.0,0.0,14.5,270.0,39.2,0.136,13.08,1.78
25-Oct-2020 18:00:00,7.5,917.6,100.0,0.3,19.8,315.0,38.6,0.136,13.06,1.78
25-Oct-2020 18:10:00,7.4,917.4,100.0,0.3,17.5,315.0,38.6,0.134,13.05,1.74
25-Oct-2020 18:30:00,7.5,917.5,100.0,0.6,18.5,315.0,39.2,0.168,13.05,2.19
25-Oct-2020 18:45:00,7.5,917.6,100.0,0.8,13.9,315.0,38.1,0.138,13.05,1.79
25-Oct-2020 19:00:00,7.5,917.7,100.0,0.0,25.0,315.0,37.6,0.152,13.01,1.98
25-Oct-2020 19:15:00,7.5,917.9,100.0,0.0,20.9,292.5,37.6,0.136,13.00,1.77
25-Oct-2020 19:30:00,7.6,918.4,100.0,0.0,12.7,315.0,38.6,0.135,12.99,1.75
25-Oct-2020 19:45:00,7.6,918.7,100.0,0.0,23.8,315.0,38.6,0.136,12.99,1.77
25-Oct-2020 20:00:00,7.5,918.8,100.0,0.0,15.8,292.5,37.6,0.156,12.98,2.02
25-Oct-2020 20:15:00,7.5,919.1,100.0,0.0,18.3,315.0,38.1,0.338,12.86,4.34
25-Oct-2020 20:30:00,7.5,919.0,100.0,0.0,22.2,315.0,38.1,0.339,12.86,4.35
25-Oct-2020 20:45:00,7.4,918.9,100.0,0.3,39.3,270.0,38.1,0.339,12.86,4.35
25-Oct-2020 21:00:00,7.3,919.0,100.0,0.0,28.9,292.5,38.1,0.350,12.84,4.49
25-Oct-2020 21:15:00,7.4,919.4,100.0,0.0,9.2,315.0,38.6,0.339,12.85,4.35
25-Oct-2020 21:30:00,7.5,919.7,100.0,0.0,20.2,270.0,38.6,0.340,12.84,4.36
25-Oct-2020 21:45:00,7.6,920.1,100.0,0.0,16.9,315.0,37.6,0.359,12.83,4.61
25-Oct-2020 22:00:00,7.7,920.3,100.0,0.0,16.6,315.0,37.6,0.338,12.83,4.33
25-Oct-2020 22:15:00,7.7,919.7,100.0,0.3,33.3,315.0,38.1,0.341,12.83,4.38
25-Oct-2020 22:30:00,7.6,919.4,100.0,0.0,29.3,315.0,37.6,0.340,12.82,4.36
25-Oct-2020 22:45:00,7.6,919.0,100.0,0.3,38.1,315.0,38.6,0.340,12.82,4.35
25-Oct-2020 23:00:00,7.5,919.0,100.0,0.0,33.3,270.0,37.6,0.341,12.81,4.38
25-Oct-2020 23:15:00,7.6,919.1,100.0,0.0,27.6,315.0,38.1,0.341,12.80,4.36
25-Oct-2020 23:30:00,7.7,919.1,100.0,0.0,19.1,292.5,37.6,0.340,12.80,4.35
25-Oct-2020 23:45:00,7.8,918.9,100.0,0.0,22.9,315.0,38.6,0.345,12.79,4.42
26-Oct-2020 00:00:00,7.9,918.9,100.0,0.0,16.6,270.0,38.6,0.343,12.78,4.38
26-Oct-2020 00:15:00,8.0,919.0,100.0,0.0,16.4,270.0,38.6,0.343,12.77,4.38
26-Oct-2020 00:30:00,8.0,918.9,100.0,0.0,20.9,270.0,38.6,0.343,12.76,4.36
26-Oct-2020 00:45:00,8.1,918.3,100.0,0.0,44.4,292.5,38.6,0.343,12.74,4.36
26-Oct-2020 01:00:00,8.1,918.2,100.0,0.3,42.1,270.0,38.6,0.343,12.73,4.36
26-Oct-2020 01:15:00,8.2,918.3,100.0,0.0,29.6,315.0,39.2,0.343,12.71,4.35
26-Oct-2020 01:30:00,8.1,918.3,100.0,0.0,15.5,270.0,38.6,0.343,12.69,4.35
26-Oct-2020 01:45:00,8.1,917.6,99.1,0.6,36.4,315.0,38.6,0.367,12.66,4.66
26-Oct-2020 02:00:00,8.0,918.2,99.2,0.0,16.3,292.5,38.6,0.334,12.66,4.22
26-Oct-2020 02:15:00,7.9,917.8,100.0,0.6,22.6,315.0,38.6,0.193,12.73,2.44
26-Oct-2020 02:30:00,7.7,917.8,100.0,0.0,18.3,315.0,37.6,0.190,12.72,2.42
26-Oct-2020 02:45:00,7.2,917.6,99.5,0.6,38.7,270.0,38.1,0.186,12.71,2.37
26-Oct-2020 03:00:00,7.3,917.9,99.4,0.0,22.6,315.0,38.1,0.189,12.71,2.39
26-Oct-2020 03:15:00,7.2,917.7,99.0,0.0,40.7,315.0,38.6,0.191,12.71,2.43
26-Oct-2020 03:30:00,7.3,918.2,99.7,0.0,27.6,315.0,37.6,0.190,12.71,2.42
26-Oct-2020 03:45:00,7.2,917.9,99.5,0.6,46.1,292.5,37.6,0.330,12.63,4.17
26-Oct-2020 04:00:00,7.1,917.7,97.2,6.4,42.9,270.0,37.6,0.201,12.70,2.56
26-Oct-2020 04:15:00,6.7,917.6,100.0,3.4,32.9,270.0,37.0,0.188,12.70,2.38
26-Oct-2020 04:30:00,6.5,918.0,100.0,0.8,19.7,315.0,37.0,0.244,12.68,3.08
26-Oct-2020 04:45:00,6.3,917.5,100.0,0.0,40.7,270.0,37.0,0.525,12.63,6.63
26-Oct-2020 05:00:00,6.3,918.1,98.9,1.1,31.6,270.0,36.5,0.190,12.69,2.41
26-Oct-2020 05:15:00,6.2,918.2,99.2,0.3,31.2,315.0,36.5,0.207,12.69,2.64
26-Oct-2020 05:30:00,6.3,917.8,98.1,0.6,30.8,315.0,36.5,0.297,12.69,3.78
26-Oct-2020 05:45:00,6.2,916.9,97.5,24.6,54.5,315.0,36.5,0.210,12.68,2.66
26-Oct-2020 06:00:00,6.0,917.3,99.3,15.9,45.3,270.0,36.5,0.221,12.68,2.80
26-Oct-2020 06:15:00,5.8,917.5,98.4,13.7,49.0,270.0,36.5,0.189,12.69,2.39
26-Oct-2020 06:30:00,5.7,917.8,100.0,15.9,55.8,270.0,36.5,0.209,12.68,2.65
26-Oct-2020 06:45:00,5.5,918.2,100.0,3.4,33.8,315.0,35.9,0.194,12.71,2.46
26-Oct-2020 07:00:00,5.8,918.6,100.0,0.6,41.4,292.5,36.5,0.212,12.71,2.70
26-Oct-2020 07:15:00,6.0,919.1,100.0,0.3,25.8,315.0,36.5,0.206,12.76,2.64
26-Oct-2020 07:30:00,6.7,919.3,95.5,0.0,27.6,315.0,37.0,0.184,13.11,2.41
26-Oct-2020 07:45:00,7.3,919.4,93.8,0.3,44.4,270.0,38.6,0.179,13.58,2.43
26-Oct-2020 08:00:00,7.6,919.4,92.2,0.3,35.8,270.0,39.7,0.176,13.69,2.41
26-Oct-2020 08:15:00,7.3,919.6,94.9,1.7,49.0,315.0,39.2,0.130,13.60,1.77
26-Oct-2020 08:30:00,8.8,919.5,91.2,1.4,31.6,270.0,39.7,0.126,13.90,1.75
26-Oct-2020 08:45:00,8.8,919.7,88.7,3.6,30.0,270.0,41.9,0.129,13.87,1.79
26-Oct-2020 09:00:00,9.0,920.0,89.9,7.0,30.4,292.5,41.9,0.128,13.88,1.77
26-Oct-2020 09:15:00,8.7,920.5,90.7,0.8,19.4,270.0,41.9,0.125,13.98,1.74
26-Oct-2020 09:30:00,8.5,920.3,94.0,0.0,32.4,315.0,40.8,0.126,13.94,1.75
26-Oct-2020 09:45:00,9.5,920.2,91.9,0.0,32.0,315.0,42.4,0.144,13.88,2.00
26-Oct-2020 10:00:00,10.1,920.2,88.5,0.3,31.2,270.0,43.5,0.128,13.89,1.77
26-Oct-2020 10:15:00,11.5,920.1,81.6,2.8,42.9,292.5,45.6,0.136,13.90,1.89
26-Oct-2020 10:30:00,11.6,919.8,76.4,23.5,63.2,270.0,46.2,0.125,13.87,1.73
26-Oct-2020 10:45:00,11.7,920.5,81.1,11.7,27.3,292.5,47.8,0.129,13.88,1.79
26-Oct-2020 11:00:00,9.6,920.3,89.4,1.1,28.9,270.0,44.0,0.128,14.00,1.78
26-Oct-2020 11:15:00,14.1,920.1,79.2,4.5,21.1,270.0,47.2,0.128,13.90,1.77
26-Oct-2020 11:30:00,14.6,919.7,73.7,7.3,44.4,270.0,49.4,0.128,13.89,1.77
26-Oct-2020 11:45:00,14.6,919.4,68.8,10.1,41.4,315.0,52.1,0.128,13.90,1.77
26-Oct-2020 12:00:00,13.1,919.6,77.5,15.9,37.5,270.0,48.9,0.147,13.83,2.05
26-Oct-2020 12:15:00,10.7,919.5,86.6,1.7,32.9,270.0,46.2,0.147,13.90,2.05
26-Oct-2020 12:30:00,11.6,919.7,87.5,0.0,26.1,315.0,45.6,0.128,13.90,1.77
26-Oct-2020 12:45:00,11.1,919.0,82.4,1.4,52.2,315.0,45.1,0.128,13.94,1.78
26-Oct-2020 13:00:00,13.6,919.4,76.5,12.8,36.9,315.0,48.9,0.138,13.91,1.91
26-Oct-2020 13:15:00,14.1,919.5,77.5,8.9,28.9,270.0,48.3,0.125,13.90,1.74
26-Oct-2020 13:30:00,15.6,919.2,69.1,4.8,35.8,270.0,52.1,0.124,13.89,1.72
26-Oct-2020 13:45:00,12.6,919.2,74.8,8.4,38.7,270.0,50.5,0.125,13.89,1.74
26-Oct-2020 14:00:00,15.4,919.3,67.2,5.3,36.4,270.0,52.6,0.121,13.88,1.68
26-Oct-2020 14:15:00,11.2,919.7,81.1,2.8,27.3,270.0,48.3,0.130,13.91,1.80
26-Oct-2020 14:30:00,10.7,919.9,86.6,2.8,24.0,270.0,45.6,0.131,13.95,1.83
26-Oct-2020 14:45:00,13.3,919.8,71.5,0.0,28.6,270.0,48.3,0.129,13.90,1.79
26-Oct-2020 15:00:00,14.1,919.8,69.5,1.4,26.7,270.0,48.3,0.134,13.94,1.87
26-Oct-2020 15:15:00,11.9,919.9,73.7,3.4,29.6,315.0,46.7,0.126,13.88,1.75
26-Oct-2020 15:30:00,10.7,920.5,77.6,0.0,21.1,315.0,45.1,0.130,13.93,1.80
26-Oct-2020 15:45:00,11.0,919.9,72.9,1.1,39.3,270.0,47.2,0.128,13.91,1.78
26-Oct-2020 16:00:00,10.7,920.3,73.9,2.0,24.7,315.0,43.5,0.126,13.93,1.75
26-Oct-2020 16:15:00,10.0,920.5,75.4,0.0,29.6,315.0,42.9,0.128,13.93,1.78
26-Oct-2020 16:30:00,11.3,920.5,69.6,0.0,39.3,292.5,46.2,0.128,13.91,1.78
26-Oct-2020 16:45:00,11.0,920.9,74.3,0.3,27.0,315.0,44.5,0.126,13.92,1.75
26-Oct-2020 17:00:00,9.3,921.1,78.8,0.0,23.1,315.0,42.4,0.126,13.96,1.77
26-Oct-2020 17:15:00,8.5,921.2,84.1,0.0,14.2,315.0,40.8,0.128,13.88,1.77
26-Oct-2020 17:30:00,8.2,921.4,86.0,0.0,19.1,315.0,39.2,0.128,13.75,1.75
26-Oct-2020 17:45:00,7.8,921.5,89.0,0.0,13.0,292.5,39.2,0.130,13.54,1.77
26-Oct-2020 18:00:00,7.4,921.5,92.4,0.0,11.8,270.0,38.6,0.133,13.40,1.78
26-Oct-2020 18:15:00,7.5,921.8,96.4,0.0,2.5,225.0,38.6,0.133,13.35,1.77
26-Oct-2020 18:30:00,7.4,922.0,97.0,0.0,8.9,270.0,38.6,0.133,13.31,1.77
26-Oct-2020 18:45:00,7.2,922.0,96.4,0.0,14.8,270.0,38.1,0.133,13.24,1.75
26-Oct-2020 19:00:00,7.0,921.9,96.1,0.0,23.3,270.0,37.6,0.134,13.15,1.75
26-Oct-2020 19:15:00,6.8,922.0,96.8,0.0,15.1,315.0,37.6,0.134,13.08,1.75
26-Oct-2020 19:30:00,6.7,922.0,96.4,0.0,20.0,270.0,37.0,0.154,13.04,2.01
26-Oct-2020 19:45:00,6.6,922.1,94.6,0.0,17.1,315.0,37.0,0.140,13.04,1.83
26-Oct-2020 20:00:00,6.5,922.3,94.8,0.0,17.8,270.0,37.0,0.135,13.03,1.75
26-Oct-2020 20:15:00,6.3,922.5,97.3,0.0,19.4,315.0,37.0,0.356,12.89,4.60
26-Oct-2020 20:30:00,6.2,922.4,98.6,0.0,15.4,315.0,36.5,0.338,12.90,4.35
26-Oct-2020 20:45:00,6.0,922.5,100.0,0.6,18.3,315.0,36.5,0.356,12.88,4.58
26-Oct-2020 21:00:00,6.0,922.6,100.0,0.0,22.2,315.0,36.5,0.336,12.88,4.33
26-Oct-2020 21:15:00,6.0,922.5,100.0,0.3,26.1,315.0,36.5,0.339,12.88,4.36
26-Oct-2020 21:30:00,6.0,922.7,100.0,0.3,23.1,315.0,36.5,0.339,12.87,4.36
26-Oct-2020 21:45:00,6.0,922.8,100.0,0.3,21.6,315.0,36.5,0.340,12.87,4.38
26-Oct-2020 22:00:00,6.1,922.8,100.0,0.0,23.1,292.5,37.0,0.340,12.86,4.38
26-Oct-2020 22:15:00,6.2,923.0,100.0,0.0,19.5,315.0,37.0,0.357,12.85,4.60
26-Oct-2020 22:30:00,6.2,922.8,100.0,0.0,26.4,315.0,37.0,0.339,12.85,4.35
26-Oct-2020 22:45:00,6.1,922.8,100.0,0.0,22.6,315.0,36.5,0.340,12.85,4.36
26-Oct-2020 23:00:00,6.1,923.0,100.0,0.0,11.4,270.0,37.0,0.340,12.84,4.36
26-Oct-2020 23:15:00,6.1,922.9,99.6,0.0,16.9,315.0,36.5,0.339,12.84,4.35
26-Oct-2020 23:30:00,6.1,922.8,100.0,0.0,15.3,315.0,36.5,0.360,12.83,4.62
26-Oct-2020 23:45:00,6.1,922.5,98.2,0.0,22.4,270.0,37.0,0.339,12.83,4.35
27-Oct-2020 00:00:00,6.0,922.4,98.1,0.0,25.3,270.0,36.5,0.339,12.83,4.34
27-Oct-2020 00:15:00,6.0,922.4,99.3,0.0,16.9,270.0,36.5,0.357,12.81,4.58
27-Oct-2020 00:30:00,6.1,922.2,100.0,0.0,13.6,270.0,36.5,0.339,12.81,4.34
27-Oct-2020 00:45:00,6.2,922.1,100.0,0.0,14.3,292.5,37.0,0.340,12.80,4.35
27-Oct-2020 01:00:00,6.2,922.0,100.0,0.0,22.9,315.0,36.5,0.359,12.80,4.60
27-Oct-2020 01:15:00,6.2,922.0,100.0,0.0,21.8,315.0,36.5,0.340,12.79,4.35
27-Oct-2020 01:30:00,6.3,921.8,100.0,0.0,13.5,270.0,37.0,0.339,12.79,4.33
27-Oct-2020 01:45:00,6.3,921.6,100.0,0.0,17.1,270.0,36.5,0.357,12.77,4.57
27-Oct-2020 02:00:00,6.4,921.6,100.0,0.0,20.2,270.0,37.6,0.340,12.78,4.34
27-Oct-2020 02:15:00,6.4,921.5,100.0,0.0,18.3,292.5,36.5,0.359,12.76,4.58
27-Oct-2020 02:30:00,6.4,921.5,100.0,0.0,11.3,315.0,37.0,0.219,12.82,2.80
27-Oct-2020 02:45:00,6.4,921.4,100.0,0.0,19.5,270.0,37.0,0.188,12.83,2.41
27-Oct-2020 03:00:00,6.3,921.5,100.0,0.0,15.1,292.5,37.6,0.335,12.74,4.26
27-Oct-2020 03:15:00,6.4,921.6,100.0,0.0,17.6,315.0,36.5,0.188,12.81,2.41
27-Oct-2020 03:30:00,6.4,921.5,100.0,0.0,21.6,292.5,37.0,0.191,12.80,2.44
27-Oct-2020 03:45:00,6.4,921.5,100.0,0.0,12.1,315.0,36.5,0.209,12.78,2.66
27-Oct-2020 04:00:00,6.5,921.2,100.0,0.0,15.5,315.0,36.5,0.220,12.77,2.80
27-Oct-2020 04:15:00,6.5,921.2,100.0,0.0,14.0,315.0,36.5,0.221,12.76,2.83
27-Oct-2020 04:30:00,6.5,921.3,100.0,0.0,16.4,315.0,37.6,0.211,12.75,2.69
27-Oct-2020 04:45:00,6.6,921.3,100.0,0.0,21.8,315.0,37.0,0.188,12.75,2.39
27-Oct-2020 05:00:00,6.6,921.2,100.0,0.0,22.9,315.0,36.5,0.188,12.74,2.39
27-Oct-2020 05:15:00,6.6,921.2,100.0,0.0,22.4,315.0,37.6,0.190,12.73,2.42
27-Oct-2020 05:30:00,6.6,921.2,100.0,0.0,25.0,315.0,36.5,0.188,12.72,2.38
27-Oct-2020 05:45:00,6.7,921.4,100.0,0.0,18.8,315.0,37.6,0.237,12.69,3.01
27-Oct-2020 06:00:00,6.7,921.6,100.0,0.0,15.7,270.0,37.6,0.189,12.70,2.39
27-Oct-2020 06:15:00,6.7,921.6,100.0,0.0,18.6,270.0,37.6,0.223,12.68,2.82
27-Oct-2020 06:30:00,6.8,921.6,100.0,0.0,25.5,315.0,37.0,0.189,12.71,2.39
27-Oct-2020 06:45:00,6.9,921.9,100.0,0.0,17.3,270.0,37.6,0.214,12.72,2.71
27-Oct-2020 07:00:00,7.1,922.2,100.0,0.0,15.7,270.0,38.1,0.189,12.79,2.42
27-Oct-2020 07:15:00,7.6,922.1,94.6,0.0,28.9,315.0,38.6,0.185,13.00,2.41
27-Oct-2020 07:30:00,8.3,922.1,91.5,0.0,21.1,270.0,39.7,0.229,13.48,3.08
27-Oct-2020 07:45:00,10.9,922.3,80.5,0.0,25.5,315.0,42.9,0.169,14.29,2.42
27-Oct-2020 08:00:00,9.2,922.5,90.1,0.0,25.3,270.0,41.9,0.194,13.90,2.69
27-Oct-2020 08:15:00,9.5,922.3,88.2,0.0,28.9,292.5,41.9,0.126,14.04,1.77
27-Oct-2020 08:30:00,9.4,922.5,88.4,0.0,32.4,270.0,42.9,0.126,13.98,1.77
27-Oct-2020 08:45:00,9.0,922.7,91.3,0.0,29.6,270.0,41.3,0.128,13.85,1.77
27-Oct-2020 09:00:00,10.0,922.7,87.8,0.3,25.0,315.0,42.9,0.126,13.90,1.75
27-Oct-2020 09:15:00,9.8,922.8,87.1,0.0,23.3,270.0,42.9,0.128,13.91,1.78
27-Oct-2020 09:30:00,9.8,923.1,89.2,0.0,15.7,315.0,41.9,0.130,13.93,1.82
27-Oct-2020 09:45:00,10.4,923.0,85.8,0.0,18.9,292.5,43.5,0.129,13.91,1.79
27-Oct-2020 10:00:00,10.7,923.1,85.9,0.0,19.7,270.0,44.0,0.126,13.91,1.75
27-Oct-2020 10:15:00,12.2,923.0,80.8,0.0,27.0,315.0,45.1,0.130,13.90,1.80
27-Oct-2020 10:30:00,13.6,923.1,75.9,0.0,21.1,315.0,47.8,0.129,13.91,1.79
27-Oct-2020 10:45:00,11.9,923.2,82.2,0.0,25.5,292.5,47.2,0.126,13.92,1.75
27-Oct-2020 11:00:00,16.2,923.1,70.6,0.0,22.4,270.0,51.0,0.129,13.89,1.79
27-Oct-2020 11:15:00,12.9,923.0,75.9,0.0,16.8,270.0,49.4,0.130,13.88,1.80
27-Oct-2020 11:30:00,14.7,922.9,70.8,0.0,20.5,270.0,49.4,0.131,13.92,1.83
27-Oct-2020 11:45:00,15.0,922.9,70.7,0.0,19.4,315.0,50.5,0.131,13.88,1.82
27-Oct-2020 12:00:00,15.0,922.8,73.8,0.0,13.5,225.0,50.5,0.130,13.88,1.80
27-Oct-2020 12:15:00,13.4,922.5,76.8,0.0,19.5,270.0,49.4,0.147,13.89,2.05
27-Oct-2020 12:30:00,14.0,922.5,73.5,0.0,19.5,270.0,47.8,0.129,13.91,1.79
27-Oct-2020 12:45:00,16.3,922.3,72.0,0.0,16.4,270.0,51.5,0.128,13.90,1.77
27-Oct-2020 13:00:00,16.5,922.1,63.0,0.0,22.9,270.0,52.6,0.126,13.91,1.75
27-Oct-2020 13:15:00,16.0,922.0,67.9,0.0,21.6,270.0,53.2,0.129,13.92,1.79
27-Oct-2020 13:30:00,19.9,921.6,54.7,0.0,31.6,270.0,58.5,0.130,13.82,1.79
27-Oct-2020 13:45:00,19.4,921.4,57.0,0.0,25.5,270.0,56.4,0.129,13.87,1.78
27-Oct-2020 14:00:00,19.4,921.3,59.5,0.0,25.3,315.0,55.8,0.129,13.88,1.79
27-Oct-2020 14:15:00,16.4,921.2,64.0,0.0,16.4,292.5,54.2,0.129,13.88,1.79
27-Oct-2020 14:30:00,18.9,921.1,65.0,0.0,18.5,247.5,54.8,0.122,13.90,1.70
27-Oct-2020 14:45:00,21.6,920.5,52.6,0.0,29.3,292.5,60.1,0.129,13.86,1.78
27-Oct-2020 15:00:00,20.4,920.4,58.7,0.0,19.2,270.0,59.1,0.129,13.86,1.78
27-Oct-2020 15:15:00,19.4,920.3,56.3,0.0,31.2,270.0,59.1,0.130,13.87,1.80
27-Oct-2020 15:30:00,20.4,919.9,53.6,0.0,21.2,270.0,59.1,0.150,13.83,2.07
27-Oct-2020 15:45:00,19.5,919.8,55.4,0.0,19.4,270.0,59.1,0.128,13.89,1.77
27-Oct-2020 16:00:00,17.6,919.7,60.8,0.0,27.0,292.5,56.4,0.129,13.91,1.79
27-Oct-2020 16:15:00,18.4,919.8,58.1,0.0,31.6,270.0,55.8,0.126,13.84,1.74
27-Oct-2020 16:30:00,15.0,919.8,70.3,0.0,23.3,292.5,49.9,0.129,13.91,1.79
27-Oct-2020 16:45:00,18.3,919.5,60.3,0.0,19.8,292.5,54.2,0.129,13.91,1.79
27-Oct-2020 17:00:00,13.8,919.7,74.8,0.0,19.4,315.0,49.9,0.129,14.05,1.80
